Artist,Url_spotify,Track,Album,Album_type,Uri,Danceability,Energy,Key,Loudness,Speechiness,Acousticness,Instrumentalness,Liveness,Valence,Tempo,Duration_ms,Url_youtube,Title,Channel,Views,Likes,Comments,Description,Licensed,official_video,Stream
Daddy Yankee,https://open.spotify.com/artist/4VMYDCV2IEDYJArk749S6m,Despacito,VIDA,album,spotify:track:6habFhsOp2NvshLv26DqMb,0.655,0.797,2.0,-4.786999999999998,0.153,0.198,0.0,0.067,0.839,177.928,229360.0,https://www.youtube.com/watch?v=kJQP7kiw5Fk,Luis Fonsi - Despacito ft. Daddy Yankee,LuisFonsiVEVO,8079646911.0,50788626.0,4252791.0,"“Despacito” disponible ya en todas las plataformas digitales: https://UMLE.lnk.to/DOoUzFp 
“Imposible” disponible ya en todas las plataformas digitales: https://UMLE.lnk.to/IMPOSIBLEFp
“Calypso” disponible ya en todas las plataformas digitales: https://UMLE.lnk.to/CLYPSFp
Echame La Culpa disponible ya en todas las plataformas digitales: https://UMLE.lnk.to/ELCFp


Best of Luis Fonsi / Lo mejor Luis Fonsi: https://goo.gl/KLWPSa 
Subscribe here: https://goo.gl/nkhcGc
Sigue a Luis Fonsi: 
Official Site: http://www.luisfonsi.com/ 
Facebook: https://www.facebook.com/luisfonsi/ 
Twitter: https://twitter.com/LuisFonsi 
Instagram: https://www.instagram.com/luisfonsi

#LuisFonsi #Despacito #Imposible #Calypso #EchamelaCulpa #NadaEsImposible #NothingisImpossible #LF


Music video by Luis Fonsi performing Despacito. (C) 2017 Universal Music Latino",1.0,1.0,1506598267.0
Ludwig van Beethoven,https://open.spotify.com/artist/2wOqMjp9TyABvtHdOSOTUS,"Symphony No. 6 in F Major, Op. 68, ""Pastorale"": I. Allegro ma non troppo, ""Awakening of cheerful feelings on arriving in the countryside""","Beethoven for Three: Symphony No. 6 ""Pastorale"" and Op. 1, No. 3",album,spotify:track:6Ye4niSXscwpj4smkb5ioO,0.367,0.0622,5.0,-23.054,0.0403,0.957,0.702,0.13,0.284,116.654,711627.0,https://www.youtube.com/watch?v=qyr-IE8HmIs,"Symphony No. 6 in F Major, Op. 68, ""Pastorale"": I. Allegro ma non troppo, ""Awakening of...",Yo-Yo Ma - Topic,42416.0,581.0,3.0,"Provided to YouTube by Sony Classical

Symphony No. 6 in F Major, Op. 68, ""Pastorale"": I. Allegro ma non troppo, ""Awakening of cheerful feelings on arriving in the countryside"" · Yo-Yo Ma · Emanuel Ax · Leonidas Kavakos · Ludwig van Beethoven

Beethoven for Three: Symphony No. 6 ""Pastorale"" and Op. 1, No. 3

℗ 2022 Sound Postings LLC, under exclusive license to Sony Classical, a label of Sony Music Entertainment

Released on: 2022-11-11

Associated  Performer: Emanuel Ax, Leonidas Kavakos, Yo-Yo Ma
Arranger: Shai Wosner
Producer: Steven Epstein
Recording  Engineer: Richard King
Assistant  Engineer: Rick Jacobsohn

Auto-generated by YouTube.",1.0,1.0,816958.0
Bruno & Marrone,https://open.spotify.com/artist/5JXhkyafynxCvxtov7C1PV,Coração de Isca,Exatamente Agora,album,spotify:track:4lHoT8PvMpMg1l5kdxqNmD,0.719,0.793,0.0,-4.402000000000003,0.0421,0.352,0.0,0.5569999999999999,0.766,120.108,147397.0,Unknown,Unknown,Unknown,7206662.333333333,3571517.666666667,997.6666666666666,Unknown,1.0,1.0,65852041.0
Guru Randhawa,https://open.spotify.com/artist/5rQoBDKFnd1n6BkdbgVaRL,"52 Non Stop Dilbar Dilbar Remix(Remix By Kedrock,Sd Style)",52 Non Stop Dilbar Dilbar Remix,compilation,spotify:track:1FSYDJAlyHAabWhiGgYfDq,0.521,0.837,7.0,-4.501000000000001,0.0794,0.0593,1.28e-05,0.157,0.48,106.001,4581483.0,https://www.youtube.com/watch?v=RodJL429lFI,"52 Non Stop Dilbar Dilbar Remix By Kedrock, SD Style Super Hit Songs Collection 2018 | T-Series",Pop Chartbusters,8053025.0,62411.00000000001,1257.0,"T-Series present to you Full video of 52 Non Stop Dilbar Dilbar Remix.  Enjoy with this super amazing non stop by Kedrock & SD Style.

Credits:
Remix By - KEDROCK & SD Style 
Mixed & Mastered By - @KEDROCK STUDIO
Rap By - Arya Acharya 
Video Edited by - Sanjay Mishra, Hayat


Track sequence list

01) Dilbar▶▶Dilbar| Satyameva Jayate 
02) Kaun Nachdi - Sonu Ke Titu Ki Sweety
03) Hard Hard - Batti Gul Meter Chalu
04) Raat Kamaal Hai - Guru Randhawa
05) Bom Diggy Diggy - Sonu Ke Titu Ki Sweety
06) Morni Banke - Badhaai Ho | Guru Randhawa
07) Kamariya | Stree
08) Urvashi - Yo Yo Honey Singh
09) Dil Chori - Sonu Ke Titu Ki Sweety
10) Chhote Chhote Peg | Sonu Ke Titu Ki Sweety
11) Aashiq Banaya Aapne - Hate Story Iv
12) Made In India - Guru Randhawa
13) Downtown - Guru Randhawa                        
14) Milegi Milegi - Stree
15) Dholida | Loveyatri              
16) Ek Do Teen | Baaghi 
17) Chogada | Loveyatri  
18) Ghoomar | Padmavat
19) Nachle Na - Dil Juunglee
20) Ban Ja Rani - Tumhari Sulu
21) Binte Dil - Padmaavat
22) Nikle Currant | Jassi Gill|Neha Kakkar
23) Jimmy Choo - Fryday.
24) Tum Mere Ho - Hate Story Iv
25) Subah Subah - Sonu Ke Titu Ki Sweety
26) Paniyon Sa - Satyameva Jayate
27) Akh Lad Jave - Badshah, Asees Kaur And Jubin Nautiyal
28) Patola - Blackmail - Guru Randhawa
29) Mundiyan - Baaghi 2
30) Lahore - Guru Randhawa
31) Mohabbat - Fanney Khan
32) O Saathi - Baaghi 2
33) Soniye Dil Nayi - Baaghi 2
34) High Rated Gabru - Nawabzaade
35) Bamb - Sukh-E Muzical Doctorz Feat. Badshah
36) Ishare Tere - Guru Randhawa
37) Kar Har Maidaan Fateh - Sanju
38) Main Badhiya Tu Bhi Badhiya - Sanju
39) Photo - Karan Sehmbi
40) Tera Yaar Hoon Main - Sonu Ke Titu Ki Sweety
41) Laung Laachi - Mannat Noor 
42) Nazar Lag Jayegi - Millind Gaba
43) Taareef - 5 Weddings
44) Tere Naal Nachna | Nawabzaade
45) Aao Kabhi Haveli Pe - Stree
46) Halka Halka - Fanney Khan
47) Sajan Bade Senti - Badhaai Ho
48) American Beauty - 5 Weddings
49) Gold Tamba - Batti Gul Meter Chalu
50) Khalibali - Padmaavat
51) Tere Thumke - Sapna Choudhary
52) Rangtaari  | Loveyatri

______________________________


Enjoy & stay connected with us!!

FOR LATEST UPDATES:
----------------------------------------
SUBSCRIBE US Here: http://bitly.com/SJIuwJ

Enjoy & stay connected with us!!

Like us on Facebook: https://www.facebook.com/popchartbusters

""If you like the Video, Don't forget to Share and leave your comments""

Visit Our Channel For More Videos: http://www.youtube.com/Popchartbusters",1.0,1.0,23128326.0
L.V.,https://open.spotify.com/artist/2LhsePRtgCo4THVKULQBL7,Gangsta's Boogie - Prode'je Version,I Am L.V.,album,spotify:track:78BKWc52RDpYQi7WZVHBLG,0.76,0.483,5.999999999999999,-7.701999999999999,0.164,0.0334,5.8e-06,0.204,0.771,76.764,265440.0,https://www.youtube.com/watch?v=Q4kFBTy_ZGQ,L.V. - Gangsta's Boogie (Prode'je Version),Tommy Boy,8173.0,191.0,7.0,"Download/Stream: https://tommyboyrecords.lnk.to/LVWE

************************************ 

Tommy Boy Records is a legendary Hip Hop & Electronic record label founded in New York City in 1981. The label is credited with launching the careers of notable legends Queen Latifah, House of Pain, Coolio and Naughty By Nature.

************************************ 

Follow Tommy Boy Records:
https://tommyboyrecords.lnk.to/instagram
https://tommyboyrecords.lnk.to/Twitter
https://tommyboyrecords.lnk.to/TikTok
https://tommyboyrecords.lnk.to/Facebook
https://tommyboyrecords.lnk.to/Spotify
https://tommyboyrecords.lnk.to/Soundcloud
Subscribe to the mailing list: https://tommyboy-records.com/

************************************ 

#TommyBoyRecords #HipHop #LV",1.0,1.0,16691.0
Bootsy Collins,https://open.spotify.com/artist/5K0rbdBrs2tNXe5LeWMATT,Hip Hop Lollipop,Hip Hop Lollipop,single,spotify:track:440uJ3DoJwL0XQTLIyakIZ,0.729,0.762,11.0,-9.115999999999998,0.15,0.0235,0.000193,0.5969999999999999,0.554,108.031,217222.0,https://www.youtube.com/watch?v=93BEOz1WSn0,Bootsy Collins feat. Fantaazma - Hip Hop Lollipop,Bootsy Collins,850977.0,21026.0,1299.0,"Check out our new tune ROCKETSHIP: https://youtu.be/BHUbqOcRks4

Produced by Bootsy & Patti Collins
Featured Artist: Fantaazma aka Fantasma Goria
Cameo: Victor Wooten 
Direction, editing and post production by Michael Kirsch 
The Ark Studio Footage directed by Charles Armstrong and Ouiwey Collins 
Studio Gruen Footage directed by Michael Kirsch 
Bootzilla logo by Francesco ""Zano” Zanotti
Special thanks to: 
Savannah Sexton, AKA ThinkSavy 
Krystal Nicole 
Tim Krink 
Alexander Güngör 
Ute Martens 
Konstantinos Sianos 
Filmed at The Ark Studios & Studio Gruen 
© Bootzilla Records 2022 all rights reserved 
Written by 
Bootsy Collins, Mashamug Music, BMI 
Fantasma Goria, Hindi Malalanta Music, GEMA 
Wes Boatman, Barkley Boy Music, BMI 
Victor Wooten, ViixLix Music, ASCAP 
Michael Kirsch, Hindi Malalanta Music, GEMA
Attachments area",0.0,1.0,194538.0
Wiener Philharmoniker,https://open.spotify.com/artist/003f4bk13c6Q3gAUXv7dGJ,"Symphony No. 9 in E Minor, Op. 95, B. 178 ""From the New World"": 4. Allegro con fuoco","Dvorák: Symphony No.9 , Op.95, B. 178 ""From the New World"" / Smetana: The Moldau",album,spotify:track:6nqHzwOdGIaX57U6VU6kMO,0.249,0.163,4.0,-15.638000000000002,0.0351,0.901,0.741,0.124,0.112,136.037,685000.0,https://www.youtube.com/watch?v=pGdtkUiKaA8,"Vienna Philharmonic – Dvořák: Symphony No. 9 ‘From the New World’, IV. Allegro con fuoco",Sony Classical,361391.0,5045.0,176.0,"The official music video of the Vienna Philharmonic playing the famous 4th movement of the Symphony No. 9 ‘From the New World’, IV. Allegro con fuoco by Antonín Dvořák during the Summer Night Concert 2019 at Schloß Schönbrunn in Vienna.

► Buy/stream the album here: https://SonyClassical.lnk.to/SNC_2019LY 

The Summer Night Concert 2019 was performed on June 20, an annual open-air event held since 2008. The park of Schönbrunn Palace in Vienna (Austria) is the magical setting for the concert, which is free of charge for all residents and visitors of the city. Central to the program was a musical history of the United States of America: the works that were heard in the 2019 set are composed in or for the USA, while also constituting links with the Viennese musical tradition.

International release date: 5 Jul 2019

FOLLOW VIENNA PHILHARMONIC

► Summer Night Concert: https://www.sommernachtskonzert.at
► Facebook: https://www.facebook.com/ViennaPhilharmonic/
► Instagram: https://www.instagram.com/viennaphilharmonic/
► Twitter: https://twitter.com/Vienna_Phil
► Youtube / VEVO:  https://www.youtube.com/user/ViennaPhilVEVO

FOLLOW SONY CLASSICAL:

► Website: http://sonyclassical.com 
► Facebook: https://www.facebook.com/sonyclassical/ 
► Instagram: https://www.instagram.com/sony.classical/ 
► Twitter: https://twitter.com/sony_classical 
► Youtube:  https://www.youtube.com/c/SonyClassicalInternational 
 
© 2019 Sony Classical, a division of Sony Music Entertainment.",1.0,1.0,8003013.0
Wiener Philharmoniker,https://open.spotify.com/artist/003f4bk13c6Q3gAUXv7dGJ,Symphony No. 5 In C Sharp Minor: IV. Adagietto. Sehr langsam,Mahler: Symphony No.5,album,spotify:track:1FDMJ0sheMse5ELss1p7s0,0.0889,0.00849,5.0,-33.111,0.0453,0.832,0.815,0.12,0.034,86.682,659000.0,https://www.youtube.com/watch?v=TlbdAXZMlRE,Mahler: Symphony No. 5 In C Sharp Minor - IV. Adagietto. Sehr langsam,Berlin Philharmonic Orchestra - Topic,50517.0,855.9999999999999,7.0,"Provided to YouTube by Universal Music Group

Mahler: Symphony No. 5 In C Sharp Minor - IV. Adagietto. Sehr langsam · Wiener Philharmoniker · Pierre Boulez

Mahler: Symphony No.5

℗ 1996 Deutsche Grammophon GmbH, Berlin

Released on: 1997-01-01

Producer: Roger Wright
Producer: Ewald Markl
Producer, Recording  Producer: Christian Gansch
Studio  Personnel, Balance  Engineer: Rainer Maillard
Studio  Personnel, Recording  Engineer: Reinhard Lagemann
Studio  Personnel, Editor: Martin Derner
Studio  Personnel, Editor: Mark Buecker
Composer: Gustav Mahler

Auto-generated by YouTube.",1.0,1.0,8404944.0
Herbert von Karajan,https://open.spotify.com/artist/5zCaQxjl110XTrm4LQ1CxY,Adagio for Strings and Organ in G Minor,Herbert von Karajan - Adagio,album,spotify:track:7BmRd83zm8CHffrAPe2ZR7,0.125,0.0734,0.0,-21.889,0.0351,0.553,0.875,0.176,0.0347,96.982,709999.9999999999,https://www.youtube.com/watch?v=4SRAlF_JYS4,Giazotto: Adagio for Strings and Organ in G Minor,Berlin Philharmonic Orchestra - Topic,86553.0,1664.0,7.0,"Provided to YouTube by Universal Music Group

Giazotto: Adagio for Strings and Organ in G Minor · Leon Spierer · David Bell · Berliner Philharmoniker · Herbert von Karajan

Herbert von Karajan - Adagio

℗ 1984 Deutsche Grammophon GmbH, Berlin

Released on: 1994-01-01

Producer: Guenther Breest
Producer, Recording  Producer: Michel Glotz
Studio  Personnel, Balance  Engineer: Günter Hermanns
Studio  Personnel, Recording  Engineer: Volker Martin
Studio  Personnel, Recording  Engineer: Joerg Iwaschuta
Studio  Personnel, Recording  Engineer: Jürgen Bulgrin
Studio  Personnel, Editor: Reinhild Schmidt
Composer: Remo Giazotto

Auto-generated by YouTube.",1.0,1.0,11983943.0
Herbert von Karajan,https://open.spotify.com/artist/5zCaQxjl110XTrm4LQ1CxY,"Symphony No. 9 In D Minor, Op. 125 - ""Choral"": 1. Allegro ma non troppo, un poco maestoso",Beethoven: Symphony No.9,album,spotify:track:1OAb3BhCFLohozKSJ2I34R,0.228,0.161,10.0,-17.007999999999996,0.0363,0.952,0.888,0.124,0.0954,71.06,936000.0,https://www.youtube.com/watch?v=1XT4T9b7Q4w,"Beethoven: Symphony No. 9 In D Minor, Op. 125 - ""Choral"" - 1. Allegro ma non troppo, un poco...",Berlin Philharmonic Orchestra - Topic,243462.0,2827.0,11.0,"Provided to YouTube by Universal Music Group

Beethoven: Symphony No. 9 In D Minor, Op. 125 - ""Choral"" - 1. Allegro ma non troppo, un poco maestoso · Berliner Philharmoniker · Herbert von Karajan · Ludwig van Beethoven

Beethoven: Symphony No.9

℗ 1984 Deutsche Grammophon GmbH, Berlin

Released on: 1984-01-01

Producer: Guenther Breest
Producer, Recording  Producer: Michel Glotz
Studio  Personnel, Balance  Engineer: Günter Hermanns
Studio  Personnel, Recording  Engineer: Volker Martin
Studio  Personnel, Recording  Engineer: Joerg Iwaschuta
Studio  Personnel, Recording  Engineer: Jürgen Bulgrin
Studio  Personnel, Editor: Reinhild Schmidt
Composer: Ludwig van Beethoven
Author: Friedrich Schiller

Auto-generated by YouTube.",1.0,1.0,2957606.0
Herbert von Karajan,https://open.spotify.com/artist/5zCaQxjl110XTrm4LQ1CxY,"Symphony No. 9 In D Minor, Op. 125 - ""Choral"": 2. Molto vivace",Beethoven: Symphony No.9,album,spotify:track:2gK0pgL5CwCxOvP0Ks9gGz,0.397,0.167,7.0,-20.965,0.0555,0.966,0.818,0.0884,0.254,118.824,626000.0,https://www.youtube.com/watch?v=J3yzhkw_XJQ,"Beethoven: Symphony No. 9 In D Minor, Op. 125 - ""Choral"" - 2. Molto vivace",Berlin Philharmonic Orchestra - Topic,282412.0,3630.000000000001,8.0,"Provided to YouTube by Universal Music Group

Beethoven: Symphony No. 9 In D Minor, Op. 125 - ""Choral"" - 2. Molto vivace · Berliner Philharmoniker · Herbert von Karajan · Ludwig van Beethoven

Beethoven: Symphony No.9

℗ 1984 Deutsche Grammophon GmbH, Berlin

Released on: 1984-01-01

Producer: Guenther Breest
Producer, Recording  Producer: Michel Glotz
Studio  Personnel, Balance  Engineer: Günter Hermanns
Studio  Personnel, Recording  Engineer: Volker Martin
Studio  Personnel, Recording  Engineer: Joerg Iwaschuta
Studio  Personnel, Recording  Engineer: Jürgen Bulgrin
Studio  Personnel, Editor: Reinhild Schmidt
Composer: Ludwig van Beethoven
Author: Friedrich Schiller

Auto-generated by YouTube.",1.0,1.0,2609450.0
Herbert von Karajan,https://open.spotify.com/artist/5zCaQxjl110XTrm4LQ1CxY,"The Planets, Op. 32: 2. Venus, the Bringer of Peace",Holst: The Planets,album,spotify:track:0kEBYD0sMCPtsfpwFLG9aj,0.0864,0.00922,5.0,-32.924,0.0396,0.943,0.531,0.106,0.0301,85.284,517000.0,https://www.youtube.com/watch?v=nK47lebKTXY,"Holst: The Planets, Op. 32 - 2. Venus, the Bringer of Peace",Berlin Philharmonic Orchestra - Topic,30743.0,478.0,4.0,"Provided to YouTube by Universal Music Group

Holst: The Planets, Op. 32 - 2. Venus, the Bringer of Peace · Berliner Philharmoniker · Herbert von Karajan · Gustav Holst

Holst: The Planets

℗ 1981 Deutsche Grammophon GmbH, Berlin

Released on: 1981-01-01

Producer: Guenther Breest
Producer, Recording  Producer: Michel Glotz
Studio  Personnel, Balance  Engineer: Günter Hermanns
Studio  Personnel, Recording  Engineer: Volker Martin
Studio  Personnel, Recording  Engineer: Jobst Eberhardt
Studio  Personnel, Recording  Engineer: Jost Michael Haase
Studio  Personnel, Recording  Engineer, Editor: Reinhild Schmidt
Composer: Gustav Holst

Auto-generated by YouTube.",1.0,1.0,3818564.0
Anuradha Paudwal,https://open.spotify.com/artist/4hkB2bR5ek6lJChj6aunCn,Om Bhurbhuwasah,Gayatri Mantra,single,spotify:track:3oj9ZcytkTaovswquxjzo1,0.719,0.466,3.0,-9.153,0.0417,0.733,1.81e-06,0.0973,0.812,137.159,3340672.0,https://www.youtube.com/watch?v=Ro8cNBXfzs0,Gayatri Mantra - Om Bhur Bhuva Swaha | Bhakti Bhajan,Pratima Saran Spiritual,9958511.0,86599.0,2917.0,"Lyrics:

ॐ भूर्भुवः स्वः ।
तत्सवितुर्वरेण्यं ।।
भर्गो देवस्य धीमहि ।
धियो यो नः प्रचोदयात् ॥

Om Bhur Bhuvah Swaha..
Tat Savitur Varenyam..
Bhargo Devasya Dhimahi..
Dhiyo Yo Nah Pracho Dayateh..

File Name: Gayatri Mantra Om Bhur Bhuva Swaha Audio 
Artist: Anuradha Paudwal
Category: Gayatri Mantra",0.0,0.0,5635894.0
Traditional,https://open.spotify.com/artist/1U5zgr455OGyIkLNXvDdrf,"Il est né, le divin enfant",Les chants de Noël du monde,compilation,spotify:track:0s5NC6a0rNxa80q1ZQC8FC,0.294,0.0754,9.0,-29.254,0.046,0.991,0.0,0.154,0.354,84.099,104947.0,https://www.youtube.com/watch?v=HvAhwvi39mo,"Notre-Dame Midnight Mass: Il est né, le divin Enfant  (French traditional)",REV,131403.0,1164.0,1.0,"Il est né, le divin Enfant 
A traditional French Christmas carol, first published in 1862 
Midnight Mass, live from Notre-Dame Cathedral, Paris",0.0,0.0,38212.0
Sir Arthur Conan Doyle,https://open.spotify.com/artist/3Xj8xqJUruJ2moKunjaf0d,"Teil 10 - Sherlock Holmes und ein Brief von der Titanic - Die Abenteuer des alten Sherlock Holmes, Folge 28","Sherlock Holmes und ein Brief von der Titanic [Die Abenteuer des alten Sherlock Holmes, Folge 28 (Ungekürzt)]",album,spotify:track:1GIa29KevK2bdVODAakM8A,0.716,0.316,11.0,-18.809,0.945,0.447,0.0,0.267,0.442,118.596,181431.0,https://www.youtube.com/watch?v=wl6FnW4i6Tw,"Sherlock Holmes - Die neuen Fälle, Fall 16: Der leise Takt des Todes (Komplettes Hörspiel)",Maritim Verlag,65836.0,1185.0,120.0,"Checkt unbedingt den ersten ""Sherlock Holmes""-Animationsfilm im Spoken Pictures Style - selbstverständlich mit den unsterblichen Stimmen von Christian Rode und Peter Groeger! 
https://youtu.be/nItI09X6YEg
Ein Muss für Fans! 

Maritim gibt es übrigens auch auf Instagram!! instagram.com/maritimverlag 
Viele Neuigkeiten, Details und Hintergrund-Informationen zu all unseren Hörspielen - am besten gleich abonnieren, damit euch nichts mehr entgeht!! 

Die nächste Folge der offiziellen Fortsetzung der Maritim-Originale von „Sherlock Holmes“: 
„Sherlock Holmes - die neuen Fälle"", ebenfalls mit dem genialen Sprecher-Gespann Christian Rode und Peter Groeger, produziert von Romantruhe Audio und All Score Media (Regie: Gerd Naumann), als komplettes Hörspiel! 
Die beliebteste ""Sherlock Holmes""-Audioserie überhaupt gibt es als ""Sherlock Holmes - Die Originale"", ""Sherlock Holmes - die alten Fälle (Reloaded)"" und ""Sherlock Holmes - die neuen Fälle"". 
Alle Serien davon gibt es überall digital (als Download & Stream)! 
""Die Originale"" und ""die neuen Fälle"" auch auf CD. 

Auf Wunsch von Spotify mussten viele Verlage (darunter auch Maritim) ihren Katalog aufgrund veränderter Anlieferungs-Spezifikationen austauschen. Die neuen Produkte sind bereits alle verfügbar.
Das hat aber leider den kurzfristigen Effekt, dass viele Playlists nicht mehr funktionieren. Wir würden euch daher bitten, die Produkte bis auf weiteres manuell zu suchen…

Ansonsten hier schon mal die Links zu den aktualisierten Spotify-Playlisten der „Sherlock Holmes“-Serien:

Die neuen Fälle: https://open.spotify.com/playlist/3a4JiLdgwQdivwJaj6nOHp?si=3a3d02e6ca834ba0

Die alten Fälle (Reloaded): https://open.spotify.com/playlist/5Vre4xsKCdhhxgrWsvDDuK?si=fad6eef974564cee

Sherlock Holmes Chronicles: https://open.spotify.com/playlist/5FHYmZEl2tpg6PVX7WXPrK?si=ad20503a40d84b08

Die Originale: https://open.spotify.com/playlist/0woC3ZZEAC5XoiQxZ6zqen?si=d15433ce60d3428b

Sherlock Holmes & Co.: https://open.spotify.com/playlist/4wdceE2OVAnaK8DGBwYeBG?si=09e8e72ab9a849a5

Viel Spaß beim Reinhören! 
...und hier geht es zum gesamten Katalog von Maritim incl. solcher Hörspiel-Perlen wie ""Oscar Wilde & Mycroft Holmes"", ""Jules Verne - die neuen Abenteuer des Phileas Fogg"", ""Dracula"", ""Frankenstein"", ""Moriarty"", ""Irene Adler"", ""Batman"", ""Captain Future"", ""Offenbarung 23"", Star Trek"", ""Die größten Fälle von Scotland Yard"", ""Die größten Fälle des BND"", „Mimi Rutherfurt“ und und und
www.maritim-hoerspiele.de",1.0,1.0,8074.0
Sir Arthur Conan Doyle,https://open.spotify.com/artist/3Xj8xqJUruJ2moKunjaf0d,"Teil 9 - Sherlock Holmes und ein Brief von der Titanic - Die Abenteuer des alten Sherlock Holmes, Folge 28","Sherlock Holmes und ein Brief von der Titanic [Die Abenteuer des alten Sherlock Holmes, Folge 28 (Ungekürzt)]",album,spotify:track:0Bu4QnYwLCjUuil0sAAeBR,0.674,0.316,1.0,-19.952000000000005,0.96,0.335,0.0,0.269,0.389,79.324,184499.0,https://www.youtube.com/watch?v=4s9RKAwL7Z4,"Sherlock Holmes - Die neuen Fälle, Fall 08: Der grüne Admiral (Komplettes Hörspiel)",Maritim Verlag,652505.0,4363.0,344.0,"Die gute Nachricht zuerst: instagram.com/maritimverlag 
Maritim gibt es endlich auf Instagram!! 
Viele Neuigkeiten, Details und Hintergrund-Informationen zu all unseren Hörspielen - am besten gleich abonnieren, damit euch nichts mehr entgeht!! 

Die nächste Folge der offiziellen Fortsetzung der Maritim-Originale von „Sherlock Holmes“: 
„Sherlock Holmes - die neuen Fälle"", ebenfalls mit dem genialen Sprecher-Gespann Christian Rode und Peter Groeger, produziert von Romantruhe Audio und All Score Media (Regie: Gerd Naumann), als komplettes Hörspiel! 
Die beliebteste ""Sherlock Holmes""-Audioserie überhaupt gibt es als ""Sherlock Holmes - Die Originale"", ""Sherlock Holmes - die alten Fälle (Reloaded)"" und ""Sherlock Holmes - die neuen Fälle"". 
Alle Serien davon gibt es überall digital (als Download & Stream)! 
""Die Originale"" und ""die neuen Fälle"" auch auf CD. 

Hier eine Linkübersicht über alle erschienenen Folgen - natürlich auch mit Links zu sämtlichen Streaming-Portalen: 

Sherlock Holmes – die neuen Fälle 

An dieser Stelle empfehlen wir euch die offizielle Spotify Liste mit sämtlichen Folgen dieser großartigen Serie (am besten gleich abonnieren!): 
https://open.spotify.com/playlist/1ILljDHdNjBvZSd2tLjxvv?si=4P6c5L_RSYifqgD1fQU1kQ

Folge 1 Besuche eines Gehenkten: https://HighscoreMusic.lnk.to/NDCfEID
Folge 2 Die Gesellschaft des Schreckens: https://HighscoreMusic.lnk.to/2XvLlID
Folge 3 Die betrogenen Titanic-Passagiere: https://HighscoreMusic.lnk.to/w5DfUID
Folge 4 Die gelbe und die blaue Flamme: https://HighscoreMusic.lnk.to/kpSETID
Folge 5 Das steinerne Schiff: https://HighscoreMusic.lnk.to/IomptID
Folge 6 Das Haus auf dem Hexenhügel: https://HighscoreMusic.lnk.to/HFU84ID
Folge 7 Der eisige Tod: https://HighscoreMusic.lnk.to/BhgDmID
Folge 8 Der grüne Admiral: https://HighscoreMusic.lnk.to/leckfID
Folge 9 Holmes unter Verdacht: https://HighscoreMusic.lnk.to/Ni7ZJID
Folge 10 Der Biss des Zerberus: https://HighscoreMusic.lnk.to/2zX9IID
Folge 11 Im kalten Nebel der Themse: https://HighscoreMusic.lnk.to/J-lQoID
Folge 12 Der verhängnisvolle Schlüssel: https://HighscoreMusic.lnk.to/SdEeRID
Folge 13 Der geniale Magier: https://HighscoreMusic.lnk.to/E-uNwID
Folge 14 Der bibelfeste Mörder: https://HighscoreMusic.lnk.to/yUqyrID
Folge 15 Das Geheimnis von Baskerville Hall: https://HighscoreMusic.lnk.to/faqFAID
Folge 16 Der leise Takt des Todes: https://HighscoreMusic.lnk.to/d6VgUID
Folge 17 Die drei Diven: https://HighscoreMusic.lnk.to/_9xisID
Folge 18 Das Ratten-Problem: https://HighscoreMusic.lnk.to/ZPyQ_ID
Folge 19 Die Untoten von Tilbury: https://HighscoreMusic.lnk.to/XdWCZID
Folge 20 Die Spur ins Nichts: https://HighscoreMusic.lnk.to/Suc0fID
Folge 21 Der ehrlose Löwe: https://HighscoreMusic.lnk.to/MxUT9ID
Folge 22 Die schreiende Tänzerin: https://HighscoreMusic.lnk.to/Nv6YzID
Folge 23 Die Prinzen im Tower: https://HighscoreMusic.lnk.to/rwRBOID
Folge 24 Das Monster von Soho: https://HighscoreMusic.lnk.to/OEV2tID
Folge 25 Die siebzehn Salutschüsse: https://HighscoreMusic.lnk.to/YMr-VID
Folge 26 Der siebte Monat: https://HighscoreMusic.lnk.to/4Cm28ID
Folge 27 Ein ehrbares Haus: https://HighscoreMusic.lnk.to/2wOO4ID
Folge 28 Der Rache des Gerechten: https://HighscoreMusic.lnk.to/F8I1kID
Folge 29 Im Labyrinth des Wahnsinns: https://HighscoreMusic.lnk.to/csWVLID
Folge 30 Das Rätsel der Aurora: https://HighscoreMusic.lnk.to/WK6f8ID
Folge 31 Die Todesfalle von Dornwood: https://HighscoreMusic.lnk.to/sM_Z_ID
Folge 32 Der Fall John Watson: https://HighscoreMusic.lnk.to/roYqNID
Folge 33 Die Wölfe von Whitechapel: https://HighscoreMusic.lnk.to/R9vqEID
Folge 34 In den Klauen der Angst: https://HighscoreMusic.lnk.to/WCBiKID
Folge 35 Die letzte Symphonie: https://HighscoreMusic.lnk.to/ovaipID
Folge 36 Remis in zehn Zügen: https://HighscoreMusic.lnk.to/Wd81tID
Folge 37 Schatten der Vergangenheit: https://HighscoreMusic.lnk.to/DH4B9ID
Folge 38 Die rote Spinne: https://HighscoreMusic.lnk.to/uFk4RID
Folge 39 Der Tod des Henkers: https://HighscoreMusic.lnk.to/ja2IdID
Folge 40 Die Speise der Götter: https://HighscoreMusic.lnk.to/yjJa6ID

Viel Spaß beim Reinhören! 
...und hier geht es zum gesamten Katalog von Maritim incl. solcher Hörspiel-Perlen wie ""Oscar Wilde & Mycroft Holmes"", ""Jules Verne - die neuen Abenteuer des Phileas Fogg"", ""Dracula"", ""Moriarty"", ""Irene Adler"", ""Batman"", ""Captain Future"", ""Offenbarung 23"", Star Trek"", ""Die größten Fälle von Scotland Yard"", „Mimi Rutherfurt“ und und und
www.maritim-hoerspiele.de",1.0,1.0,8053.0
Los Palmeras,https://open.spotify.com/artist/2Htm0q72SjGSmsy8EOIhRG,Hitazos: Amores Como el Nuestro / Que Fue / Algún día / Tu Amor Me Quema / Arrepiéntete / Tarjetita de Invitación / Empujaito / Si Tu Te Vas / El Aguacero / Tu Juguete / Mujer Que Mal Me Pagas...,Hitazos: Amores Como el Nuestro / Que Fue / Algún día / Tu Amor Me Quema / Arrepiéntete / Tarjetita de Invitación / Empujaito / Si Tu Te Vas / El Aguacero / Tu Juguete / Mujer Que Mal Me Pagas...,compilation,spotify:track:2ZixSR7OKIpdPUk4dwOekn,0.519,0.79,7.0,-4.341999999999999,0.0503,0.23,3.97e-05,0.212,0.868,97.512,1330157.0000000002,https://www.youtube.com/watch?v=Hb6oSLn5wTw,Hitazos: Amores Como el Nuestro / Que Fue / Algún día / Tu Amor Me Quema / Arrepiéntete /...,Daniel Cardozo - Topic,12545.0,160.0,0.0,"Provided to YouTube by The Orchard Enterprises

Hitazos: Amores Como el Nuestro / Que Fue / Algún día / Tu Amor Me Quema / Arrepiéntete / Tarjetita de Invitación / Empujaito / Si Tu Te Vas / El Aguacero / Tu Juguete / Mujer Que Mal Me Pagas... · Daniel Cardozo · Dario y su Grupo Angora · Mario Luis · Los del Fuego · Sebastian Mendoza · Daniel Agostini · La Nueva Luna · Grupo Green · Grupo Red · 7 Lunas · Antonio Rios · Adrian y Los Dados Negros · Lia Crucet · Gilda · Alcides · Los Palmeras · Koli Arce · Supermerk2 · Leo Mattioli · Bronco · Grupo Veneno

Hitazos: Amores Como el Nuestro / Que Fue / Algún día / Tu Amor Me Quema / Arrepiéntete / Tarjetita de Invitación / Empujaito / Si Tu Te Vas / El Aguacero / Tu Juguete / Mujer Que Mal Me Pagas...

℗ 2017 Magenta

Released on: 2017-12-26

Auto-generated by YouTube.",1.0,1.0,27611531.0
Playero,https://open.spotify.com/artist/2YTyoyU90b3CF5x91YjVaQ,Ragga Moofin Mix,"Playero 37 ""Underground""",album,spotify:track:6ZbWeRhL76RXghqoMNF932,0.797,0.67,5.999999999999999,-14.259,0.177,0.0354,1.23e-05,0.148,0.903,102.336,1427979.0,https://www.youtube.com/watch?v=U6UHODcFpAQ,Dj Playero Underground 37 feat Daddy Yankee - Ragga Moofin Mix 2,Tomas Acuña,228927.0,2443.0,31.0,Dj Playero Underground 37 - Daddy Yankee,0.0,0.0,2483380.0
Playero,https://open.spotify.com/artist/2YTyoyU90b3CF5x91YjVaQ,Non Stop Reegae,"Playero 38 ""Underground""",album,spotify:track:5EVCuT4L4hsyDtA7H1yByW,0.857,0.673,1.0,-11.921999999999995,0.0949,0.0258,5.52e-05,0.221,0.653,106.834,1484260.0,https://www.youtube.com/watch?v=uIhI2KFQ0pc,M.C. NON STOP REGGAE Vol. 1 - Dj Playero,ernestor2711,113262.0,1266.0,88.0,old school,0.0,0.0,1243406.0
Playero,https://open.spotify.com/artist/2YTyoyU90b3CF5x91YjVaQ,Street Mix Intro,"Playero Greatest Hits Street Mix, Vol. 2",compilation,spotify:track:3heVPRGXUe6SfHaEZcpxuK,0.828,0.716,1.0,-7.230999999999998,0.0472,0.0178,4.52e-05,0.118,0.541,105.088,91827.0,https://www.youtube.com/watch?v=d7-GltGTTJQ,01. Playero Street Mix 2,The Official Old School Collection,162606.0,2821.0,50.0,"DJ Playero - Greatest Hits Street Mix 2 (1996)
01 Playero - Counterclockwise Intro
02 Street Mix 2 Intro A
03 Blanco - Sigan Bailando Remix
04 Maicol Y Manuel - La Gente Sabe (Que Somos de la Calle) Remix
05 Yankee - Que Bien Te Vez
06 Ruben Sam - Miss Goodie Goodie
07 Playero - Subelo Mix
08 Maicol Y Manuel - Ando
09 Playero - Wake-Up Mix
10 OG Black - Ella Es La Predilecta Remix
11 Buru Fat - Pedaleando Mix
12 Q Mac Daddy, Funky Ed, Chino y Genio Kid, Phycd",0.0,0.0,105355.0
Roop Kumar Rathod,https://open.spotify.com/artist/03SZmfKAgYRQKUwy0EoJUa,"Sandese Aate Hai (From ""Border"")",Musical Voice of Roop Kumar Rathod,album,spotify:track:2Zx1TmHSTxMc7DaUUWZnAn,0.459,0.837,9.0,-9.167999999999996,0.0592,0.685,0.0,0.173,0.729,88.942,632960.0,https://www.youtube.com/watch?v=O-55f6kzg8w,Roop Kumar Rathod Sings Sandese aate hain,Devaka S. Jayasuriya,586493.0,6684.000000000001,290.0,"Uploaded by Devaka Jayasuriya , A Song from The Movie Border",0.0,0.0,9656981.0
London Philharmonic Orchestra,https://open.spotify.com/artist/3PfJE6ebCbCHeuqO4BfNeA,"Piano Concerto in C-Sharp Minor, FP 146: I. Allegretto commodo - Live","Poulenc: Piano Concerto, Organ Concerto & Stabat Mater (Live)",album,spotify:track:0gxQmk1VyK2dprLpKqWKQf,0.259,0.0859,8.0,-22.854,0.0392,0.971,0.834,0.119,0.0551,135.391,580253.0,https://www.youtube.com/watch?v=bW0_7aBNxzE,"Piano Concerto in C-Sharp Minor, FP 146: I. Allegretto commodo (Live)",London Philharmonic Orchestra - Topic,888.0,24.0,0.0,"Provided to YouTube by harmonia mundi

Piano Concerto in C-Sharp Minor, FP 146: I. Allegretto commodo (Live) · Yannick Nézet-Séguin · London Philharmonic Orchestra · Alexandre Tharaud

Poulenc: Piano Concerto, Organ Concerto & Stabat Mater (Live)

℗ London Philharmonic Orchestra Ltd

Released on: 2018-08-01

Artist: Alexandre Tharaud
Soloist: Alexandre Tharaud
Artist: London Philharmonic Orchestra
Orchestra: London Philharmonic Orchestra
Artist: Yannick Nézet-Séguin
Conductor: Yannick Nézet-Séguin
Composer: Francis Poulenc

Auto-generated by YouTube.",1.0,1.0,3096863.0
Nusrat Fateh Ali Khan,https://open.spotify.com/artist/5HcunTidTUrOaf8V0iJcvl,Tumhe Dil Lagi Bhool Jani Padegi,DilLagi,album,spotify:track:1bJAynHEPbXhmaezqhnPTu,0.514,0.642,4.0,-11.835,0.246,0.17,0.0,0.262,0.81,78.657,983432.0,https://www.youtube.com/watch?v=DPQL2i9v5Zo,"Tumhe Dillagi Bhool Jani Padegi by Nusrat Fateh Ali Khan  ,Very Old Live Rare Video",Shagufta Shan,287833.0,5404.0,286.0,"Tumhe Dillagi by Nusrat Fateh Ali Khan  ,Very Old Live RareVideo",0.0,0.0,4737961.0
The Cinematic Orchestra,https://open.spotify.com/artist/32ogthv0BdaSMPml02X9YB,Wait For Now - Mary Lattimore Rework,To Believe (Remixes),album,spotify:track:78mtCAEloSALZNWeOuu3L0,0.359,0.284,3.0,-16.287,0.0326,0.823,0.425,0.148,0.128,130.574,410839.0,https://www.youtube.com/watch?v=jikJvWx-KiM,The Cinematic Orchestra - Wait For Now (feat. Tawiah) [Mary Lattimore Rework],tcoVEVO,37258.0,615.0,24.0,"'Wait For Now', out now on Ninja Tune: https://tco.lnk.to/waitfornowYo

Follow The Cinematic Orchestra -
Spotify: https://found.ee/tco-sp
Apple Music: https://found.ee/tco-am
Instagram: https://found.ee/tco-ig
Facebook: https://found.ee/tco-fb
Twitter: https://found.ee/tco-tw
Youtube: https://found.ee/tco-yt
Soundcloud: https://found.ee/tco-sc

#TheCinematicOrchestra #NinjaTune #Music

http://vevo.ly/H1h4yC",1.0,1.0,1904719.0
Daniel Barenboim,https://open.spotify.com/artist/78sEozQOEJxzXegUuqRSgH,"Tchaikovsky: 1812 Overture in E-Flat Major, Op. 49",Tchaikovsky : Symphony No.5 & 1812 Overture,album,spotify:track:6mhQ7eOHaV0ur2ooKTavW1,0.173,0.182,3.0,-18.848,0.0437,0.886,0.894,0.224,0.0781,70.831,905667.0,https://www.youtube.com/watch?v=gz2jJ9LrhaM,1812 Overture Op.49,Daniel Barenboim - Topic,92523.0,1131.0,0.0,"Provided to YouTube by Warner Classics International

1812 Overture Op.49 · Daniel Barenboim · Chicago Symphony Orchestra

Tchaikovsky : Symphony No.5 & 1812 Overture

℗ 1995 Teldec Classics International GmbH

Orchestra: Chicago Symphony Orchestra
Conductor: Daniel Barenboim
Composer: Pyotr Ilyich Tchaikovsky

Auto-generated by YouTube.",1.0,1.0,7785048.0
Rafaga,https://open.spotify.com/artist/0CBKUzrf6yGdTgxAQbUUHS,"Cachengue Retromix - La Cola, La Cumbia De Los Trapos, Nunca Me Faltes, Yo tomo licor, Fuiste, La güera salome, No me abandones, La Luna Y Tu, Toda la Noche",Fiesta Fiesta 2022 Cumbia Fiesta,compilation,spotify:track:1F0RX1UZfoPVq3z5qYXxsw,0.843,0.703,7.0,-7.862000000000004,0.103,0.189,1.52e-05,0.04,0.669,104.009,944325.0,https://www.youtube.com/watch?v=QsyRQqpEQ6o,"Cachengue Retromix (La Cola, La Cumbia De Los Trapos, Nunca Me Faltes, Yo tomo licor, Fuiste,...",Emus DJ - Topic,1001264.0,7693.999999999999,23.0,"Provided to YouTube by Puro Digital & Studio SL

Cachengue Retromix (La Cola, La Cumbia De Los Trapos, Nunca Me Faltes, Yo tomo licor, Fuiste, La güera salome, No me abandones, La Luna Y Tu, Toda la Noche) · Emus DJ · DJ Red · DJ Liendro · El Nikko DJ · Los Palmeras · Yerba Brava · Antonio Ríos · Amar Azul · Gilda · Lía Crucet · Los Ávila · Ráfaga · Grupo Karicia

Fiesta Fiesta 2022 Cumbia Fiesta

℗ 2021 Leader Music

Released on: 2021-12-03

Music  Publisher: Sony Music Publishing Argentina
Music  Publisher: Songs Libra Ediciones Musicales - Dream Entertainment Group
Music  Publisher: Sony Music Publishing Argentina - Publitrack S.R.L.
Music  Publisher: BGM Industrias del Disco SA - Publisong
Music  Publisher: N/A
Music  Publisher: Sabrosura Music - Presencia

Auto-generated by YouTube.",1.0,1.0,874816.0
Philharmonia Orchestra,https://open.spotify.com/artist/09KZU0NsS7jRa5p0SflmGY,"Violin Concerto in D Major, Op. 61: II. Larghetto",Beethoven: Violin Concerto and Romances,album,spotify:track:0rah9IidLXN2jLo8SMjBuD,0.209,0.0402,7.0,-27.175,0.047,0.931,0.0588,0.0869,0.0514,95.939,486000.0,https://www.youtube.com/watch?v=f0cQdU-tjgg,"Beethoven: Violin Concerto in D major, Op. 61 – II. Larghetto",London Philharmonic Orchestra,4738.0,53.0,1.0,"We’re bringing Beethoven’s gorgeous Violin Concerto to Southbank Centre this Saturday with soloist Gil Shaham. Follow along with the solo line of this extract from the second movement. https://lpo.uk/2J64MH6 

Website: https://www.lpo.org.uk
YouTube: https://www.youtube.com/londonphilharmonicorchestra
Facebook: http://facebook.com/londonphilharmonicorchestra
Instagram: https://www.instagram.com/londonphilharmonicorchestra/",0.0,0.0,1275280.0
Philharmonia Orchestra,https://open.spotify.com/artist/09KZU0NsS7jRa5p0SflmGY,The Sorcerer's Apprentice,Fantasia 2000,compilation,spotify:track:2OHnoGjn6X6kDwzO7Rw0Y9,0.351,0.206,1.0,-22.657,0.0597,0.797,0.255,0.0738,0.0839,130.415,577440.0,https://www.youtube.com/watch?v=UfbzPsKvMzo,The Sorcerer's Apprentice,Philharmonia Orchestra - Topic,83642.0,982.0,6.0,"Provided to YouTube by Universal Music Group

The Sorcerer's Apprentice · Philharmonia Orchestra

Fantasia 2000

℗ 1999 Walt Disney Records

Released on: 1999-01-01

Producer: Donald W. Ernst
Composer  Lyricist: Paul Dukas

Auto-generated by YouTube.",1.0,1.0,6760147.0
Christopher von Uckermann,https://open.spotify.com/artist/5O8cudluftNZ6PCwRzvYxo,Heal Together,Heal Together,single,spotify:track:6lHuDRvhdA6HHhQhlwrn4G,0.666,0.695,0.0,-5.655000000000001,0.0278,0.0418,5.86e-06,0.119,0.144,112.011,216029.0,https://www.youtube.com/watch?v=vJvUhmmMKBU,Christopher V Uckermann - Heal Together (Official Music Video),Christopher Von Uckermann,801309.0,8568.0,920.0,"Heal Together available everywhere now:
https://orcd.co/healtogetherpre

Connect with Chris:
 https://www.instagram.com/christophervuckermann/
 https://www.facebook.com/uckermann
 https://twitter.com/christopheruck?s=11
 https://vm.tiktok.com/ZMRPxhDXb/


Directed by : Julio Abad & Christopher von Uckermann 
 
Producers: Adán Chávez & Angel Benítez 
 
Executive Producers: 
Julio Abad 
Mundo Luján 
Alejandro Valencia 
 
Director of Photography: 
Mundo Luján   
 
Editor:
Hisham Hajir 
 
Lyrics:

In the night the light is better
Before the dawn comes around

I’d been living in a different time
Always listening to different minds
Had a feeling i was in denial

I’d been living in a little lie
Always looking but i paid no mind
Had the number i just had to dial.

You and i were meant to heal together
If you close your eyes can you see inside

I’d been learning how to live my life
Always listening to different rhymes 
Had a feeling i was bound to fly

I’ve been trying for a you and I
Always looking for an alibi
But i knew that i could see the signs

Every time i see the doorway
I’d be remiss to just stand by
 
I’d been living in a different time
Always listening to different rhymes
Had a feeling i was in denial

I’d been living in a little lie
Always looking but i paid no mind
Had the number i just had to dial.

Heal your soul
Heal your soul

You and i were meant to heal together
Dancing in the night just to feel alive

I’d been learning how to live my life
Always listening to different rhymes 
Had a feeling i was bound to fly

I’ve been trying for a you and I
Always looking for an alibi
But i knew that i could see the signs

You and i were meant to heal together
You and i were meant to heal together


#healtogether #weareone #heal #5D #christophervonuckermann #Christopher #together #unity

P.S. The 5D is waiting for us, be patient.
P.D. La 5D nos espera, ten paciencia.",0.0,0.0,155024.0
I Virtuosi Italiani,https://open.spotify.com/artist/1k1AM2ESRQseVAj6rvBdtx,Lux aeterna: I. Introitus,Light Eternal – The Choral Music of Morten Lauridsen,album,spotify:track:5YNRlxmyLhNXsnLxkFhNZl,0.144,0.0587,2.0,-23.003,0.0404,0.98,0.0679,0.0831,0.0365,90.795,473049.0,https://www.youtube.com/watch?v=-SVBM-amUtI,Lauridsen: Lux aeterna - I. Introitus,Chamber Choir of Europe - Topic,36847.0,307.0,2.0,"Provided to YouTube by Universal Music Group

Lauridsen: Lux aeterna - I. Introitus · Chamber Choir of Europe · I Virtuosi Italiani · Nicol Matt · Morten Lauridsen

Light Eternal – The Choral Music of Morten Lauridsen

℗ 2018 Deutsche Grammophon GmbH, Berlin

Released on: 2018-10-26

Producer, Studio  Personnel, Mastering  Engineer: Reinhard Geller
Composer: Morten Lauridsen
Author: Traditional

Auto-generated by YouTube.",1.0,1.0,153969.0
PSY,https://open.spotify.com/artist/2dd5mrQZvg6SmahdgVKDzh,Gangnam Style (강남스타일),Gangnam Style (강남스타일),single,spotify:track:03UrZgTINDqvnUMbbIMhql,0.727,0.937,11.0,-2.8710000000000018,0.286,0.00417,0.0,0.091,0.749,132.067,219493.0,https://www.youtube.com/watch?v=9bZkp7q19f0,PSY - GANGNAM STYLE(강남스타일) M/V,officialpsy,4679767471.0,26399133.0,5331537.0,"PSY - ‘I LUV IT’ M/V @ https://youtu.be/Xvjnoagk6GU
PSY - ‘New Face’ M/V @https://youtu.be/OwJPPaEyqhI

PSY - 8TH ALBUM '4X2=8' on iTunes @
https://smarturl.it/PSY_8thAlbum

PSY - GANGNAM STYLE(강남스타일) on iTunes @ http://smarturl.it/PsyGangnam

#PSY #싸이 #GANGNAMSTYLE #강남스타일

More about PSY@
http://www.youtube.com/officialpsy
http://www.facebook.com/officialpsy
http://twitter.com/psy_oppa
https://www.instagram.com/42psy42
http://iTunes.com/PSY
http://sptfy.com/PSY
http://weibo.com/psyoppa",0.0,0.0,370991124.0
Ocean Waves For Sleep,https://open.spotify.com/artist/2CgVSpL4tfbUuHmTGS7wF3,Ocean Waves for Sleep,Ocean Waves,single,spotify:track:1saXdvEAafdRzUphXBzSHg,0.0797,0.995,1.0,-17.379,0.0611999999999999,0.932,0.562,0.31,1e-05,84.788,4120258.0,https://www.youtube.com/watch?v=bn9F19Hi1Lk,"Sleep For 11 Hours Straight, High Quality Stereo Ocean Sounds Of Rolling Waves For Deep Sleeping",Naturaleza Viva - Sonidos y Paisajes Increíbles,28534997.0,163634.0,6499.0,"A wonderful experience of sleeping beside the ocean with waves rolling next to your bed. High quality stereo ocean sounds, better than any sleep music will provide a great relaxing atmosphere for deep sleeping. All you need to do is playing this video and listen to the waves. All of you sleepyheads will enjoy the full 11 hours of sleep, just make yourself comfortable in bed, close your eyes and think about this place. You may also play any sleep music you like or just leave the sounds of the waves. Sweet dreams!

All the rights belong to Naturaleza Viva and LoungeV Studio.",1.0,1.0,54946119.0
Steve Edwards,https://open.spotify.com/artist/2SwhNukah1MYpLR594PnuC,Peace Song,Made In Jamaica,album,spotify:track:1Vn9Nax0nA141SuC1Swnxh,0.865,0.686,10.0,-6.201999999999999,0.0404,0.0492,0.00127,0.0758,0.961,134.112,407893.0,https://www.youtube.com/watch?v=RJZiYp6HNXQ,"Bob Sinclar feat. Steve Edwards ""Peace song"" [OFFICIAL VIDEO]",Energy TV,482582.0,1502.0,39.0,"Follow Us on:
Facebook - http://www.facebook.com/xenergyrecords
Twitter - http://twitter.com/energyrec",1.0,1.0,162740.0
Harshdeep Kaur,https://open.spotify.com/artist/3xU8YsNNkmWSPewlB18NUz,"High Rated Gabru 52 Non Stop Hits(Remix By Mandy Birgi,Birgi Veerz)",High Rated Gabru 52 Non Stop Hits,compilation,spotify:track:2HyMuSCZJIxgnZBkuPT3TA,0.385,0.935,2.0,-2.5449999999999977,0.259,0.0843,0.0,0.678,0.557,180.793,4676058.0,https://www.youtube.com/watch?v=rdMx0LNY7tQ,"High Rated Gabru 52 Non Stop Hits (Remix By Mandy Birgi,Birgi Veerz)",Ali Quli Mirza - Topic,34624.0,324.0,1.0,"Provided to YouTube by Super Cassettes Industries Private Limited

High Rated Gabru 52 Non Stop Hits (Remix By Mandy Birgi,Birgi Veerz) · Aarsh Benipal · Alfaaz · Ali Quli Mirza · Arjun · Arsh Maini · Bohemia · Deep Money · Dilbagh Singh · Divya Bhatt · Sukhbir · Geeta Zaildar · Gippy Grewal · Goldboy · Gupz Sehra · Guru Randhawa · Harjit Harman · Harrdy Sandhu · Harshdeep Kaur · Harsimran · Jasmine Sandlas · Jordan Sandhu · Jsl Singh · Aman Hayer · Amzee Sandhu · Atul Sharma · B Praak · Baba Honey · Beat Minister · Deep Jandu · Desi Crew · Desi Routz · Dr. Zeus · Enzo · Goldboy · Gupz Sehra · Intense · Jassi X · Jatinder Jeetu · Jatinder Shah · Jaymeet · Jsl Singh · K.V. Singh · Kuwar Virk · Manj Musik · Meet Bros · Mista Baaz · Mix Singh · Music Mg · Nakulogic · Neeru Mehta · Nik D Gill · Preet Hundal · Raftaar · Ramji Gulati · Sukh-E Muzical Doctorz · Tigerstyle · Alfaaz · Amanjeet Singh · Arjan Virk · Arjun · Ashok Punjabi · Bohemia · Bunny Gill · Bunty Bains · Davinder Gumti · Ekraaj Khanuwan · Geeta Zaildar · Gurinder Kurar · Guru Randhawa · Harf Cheema · Jaani · Jasmine Sandlas · Jassi Lohka · Jassi Lokha · Jatinder Jeet Sandhu · Kabal Saroopwali

High Rated Gabru 52 Non Stop Hits

℗ Super Cassettes Industries Private Limited

Released on: 2017-12-29

Producer: Aman Hayer
Producer: Amzee Sandhu
Producer: Atul Sharma
Producer: B Praak
Producer: Baba Honey
Producer: Beat Minister
Producer: Deep Jandu
Producer: Desi Crew
Producer: Desi Routz
Producer: Dr. Zeus
Producer: Enzo
Producer: Goldboy
Producer: Gupz Sehra
Producer: Intense
Producer: Jassi X
Producer: Jatinder Jeetu
Producer: Jatinder Shah
Producer: Jaymeet
Producer: Jsl Singh
Producer: K.V. Singh
Producer: Kuwar Virk
Producer: Manj Musik
Producer: Meet Bros
Producer: Mista Baaz
Producer: Mix Singh
Producer: Music Mg
Producer: Nakulogic
Producer: Neeru Mehta
Producer: Nik D Gill
Producer: Preet Hundal
Producer: Raftaar
Producer: Ramji Gulati
Producer: Sukh-E Muzical Doctorz
Producer: Tigerstyle

Auto-generated by YouTube.",1.0,1.0,12498196.0
Mark Ronson,https://open.spotify.com/artist/3hv9jJF3adDNsBSIQDqcjp,Uptown Funk (feat. Bruno Mars),Uptown Special,album,spotify:track:32OlwWuMpZ6b0aN2RZOeMS,0.856,0.609,0.0,-7.222999999999999,0.0824,0.00801,8.15e-05,0.0344,0.928,114.988,269667.0,https://www.youtube.com/watch?v=OPf0YbXqDm0,Mark Ronson - Uptown Funk (Official Video) ft. Bruno Mars,MarkRonsonVEVO,4821016218.0,20067879.0,598916.0,"Official Video for Uptown Funk by Mark Ronson ft. Bruno Mars
Listen to Mark Ronson: https://MarkRonson.lnk.to/listenYD

Subscribe to the official Mark Ronson: https://MarkRonson.lnk.to/subscribeYD

Watch more Mark Ronson videos: https://MarkRonson.lnk.to/listenYD/youtube

Follow Mark Ronson:
Facebook: https://MarkRonson.lnk.to/followFI
Instagram: https://MarkRonson.lnk.to/followII
Twitter: https://MarkRonson.lnk.to/followTI
Website: https://MarkRonson.lnk.to/followWI
Spotify: https://MarkRonson.lnk.to/followSI
YouTube: https://MarkRonson.lnk.to/subscribeYD

#MarkRonson #UptownFunk #BrunoMars #UptownSpecial #NewYearMusic #HappyNewYearMusic #NewYearPlaylist #HappyNewYear

Lyrics:
Doh
Doh doh doh, doh doh doh, doh doh
Doh doh doh, doh doh doh, doh doh
Doh doh doh, doh doh doh, doh doh
Doh doh doh, doh duh (Aaaaaaow!)

This hit
That ice cold
Michelle Pfeiffer
That white gold
This one for them hood girls
Them good girls
Straight masterpieces
Stylin', wiling
Livin' it up in the city
Got Chucks on with Saint Laurent
Gotta kiss myself I'm so pretty

I'm too hot (hot damn)
Call the police and the fireman
I'm too hot (hot damn)
Make a dragon wanna retire, man
I'm too hot (hot damn)
Say my name you know who I am
I'm too hot (hot damn)
And my band 'bout that money
Break it down...

Girls hit your hallelujah (ooh)
Girls hit your hallelujah (ooh)
Girls hit your hallelujah (ooh)
'Cause uptown funk gon' give it to you
'Cause uptown funk gon' give it to you
'Cause uptown funk gon' give it to you
Saturday night and we in the spot
Don't believe me just watch (Come on)

Doh
Doh doh doh, doh doh doh, doh doh (Hah!)

Don't believe me just watch

Don't believe me just watch
Don't believe me just watch
Don't believe me just watch
Don't believe me just watch
Hey, hey, hey, oh!

Stop
Wait a minute
Fill my cup put some liquor in it
Take a sip, sign the check
Julio, get the stretch!
Ride to Harlem, Hollywood, Jackson, Mississippi
If we show up, we gon' show out
Smoother than a fresh jar of Skippy

I'm too hot (hot damn)
Call the police and the fireman
I'm too hot (hot damn)
Make a dragon wanna retire, man
I'm too hot (hot damn, hot damn)
Bitch, say my name you know who I am
I'm too hot (hot damn)
And my band 'bout that money
Break it down...

Girls hit your hallelujah (ooh)
Girls hit your hallelujah (ooh)
Girls hit your hallelujah (ooh)
'Cause uptown funk gon' give it to you
'Cause uptown funk gon' give it to you
'Cause uptown funk gon' give it to you
Saturday night and we in the spot
Don't believe me just watch (come on)

Doh
Doh doh doh, doh doh doh, doh doh (Hah!)

Don't believe me just watch

Don't believe me just watch
Don't believe me just watch
Don't believe me just watch
Don't believe me just watch
Hey, hey, hey, oh!

Before we leave
Let me tell y'all a little something
Uptown funk you up, uptown funk you up
Uptown funk you up, uptown funk you up, uh
I said uptown funk you up, uptown funk you up
Uptown funk you up, uptown funk you up

Come on, dance
Jump on it
If you sexy then flaunt it
If you freaky then own it
Don't brag about it, come show me
Come on, dance
Jump on it
If you sexy then flaunt it
Well it's Saturday night and we in the spot
Don't believe me just watch (come on)

Doh
Doh doh doh, doh doh doh, doh doh (Hah!)

Don't believe me just watch

Don't believe me just watch
Don't believe me just watch
Don't believe me just watch
Don't believe me just watch
Hey, hey, hey, oh!

Uptown funk you up, uptown funk you up (say whaa?!)
Uptown funk you up, uptown funk you up
Uptown funk you up, uptown funk you up (say whaa?!)
Uptown funk you up, uptown funk you up
Uptown funk you up, uptown funk you up (say whaa?!)
Uptown funk you up, uptown funk you up
Uptown funk you up, uptown funk you up (say whaa?!)
Uptown funk you up
Aaaaaaow!",1.0,1.0,1653819736.0
Aaron Smith,https://open.spotify.com/artist/77qukKzmdI5BeMBR7WGUrN,Outer Level,Outer Level,single,spotify:track:52qNIY0h8bzZ410sZPRRWX,0.779,0.519,0.0,-6.273999999999999,0.042,0.232,0.00539,0.123,0.731,125.99299999999998,441905.0,https://www.youtube.com/watch?v=4zaewzgY5QA,Outer Level,Aaron Smith - Topic,37056.0,475.0,5.0,"Provided to YouTube by Ingrooves

Outer Level · Aaron Smith · Alicia Campbell

Outer Level

℗ 2013 GOM Music

Writer: Aaron Smith
Writer: Alicia Campbell

Auto-generated by YouTube.",1.0,1.0,613818.0
Ed Sheeran,https://open.spotify.com/artist/6eUKZXaKkcviH0Ku9w2n3V,Perfect,÷ (Deluxe),album,spotify:track:0tgVpDi06FyKpA1z0VMD4v,0.599,0.448,8.0,-6.312000000000003,0.0232,0.163,0.0,0.106,0.168,95.05,263400.0,https://www.youtube.com/watch?v=2Vv-BfVoq4g,Ed Sheeran - Perfect (Official Music Video),Ed Sheeran,3361086287.0,19033010.0,486143.0,"The official music video for Ed Sheeran - Perfect 
The new album ""="" is out now - listen here: https://es.lnk.to/equals
 
Taken from the studio album ÷ (divide) released in 2017, which featured the hit singles 'Castle on the Hill', 'Shape of You', 'Galway Girl', ‘Perfect’ & 'Happier'. 
 
Subscribe to the Ed Sheeran channel for all the best and latest official music videos, behind the scenes and live performances.  
http://bit.ly/SubscribeToEdSheeran 
 
See more official videos from Ed Sheeran here: 
https://www.youtube.com/watch?v=ryJgDL9jzKk&list=PLjp0AEEJ0-fGKG_3skl0e1FQlJfnx-TJz 

Listen to more from the album ÷ (divide): https://www.youtube.com/playlist?list=PLjp0AEEJ0-fGi7bkjrGhBLUF9NMraL9cL 
 
Follow Ed Sheeran on: 
Instagram: http://instagram.com/teddysphotos
TikTok: https://www.tiktok.com/@edsheeran
Facebook: http://www.facebook.com/EdSheeranMusic
Twitter: http://twitter.com/edsheeran
Discord: http://discord.gg/edsheeran
Official Website: http://edsheeran.com 
  
VIDEO CREDITS: 
 
Director | dp Jason Koenig  
Producer: Honna Kimmerer  
Starring: Ed Sheeran & Zoey Deutch  
Director of Photography: Johnny Valencia  
Production Company: Anonymous Content  
Exec Producer: Nina Soriano  
Production Manager: Doug Hoff  
Commissioner: Dan Curwin  
Production Designer: John Lavin  
Lead Casting: Amy Hubbard  
Written by: Jason Koenig, Ed Sheeran, Jenny Koenig, Andrew Kolvet, Murray Cummings  
Edited by: Jason Koenig & Johnny Valencia  
VFX: Ian Hubert  
Graphic design by Chris Ballasciotes  
Cast: Bo Valencia, Dennis Ranalta, Arthur Pauli  
Ski Cinematography: Corey Koniniec  
Specialty Camera op: Ryan Haug  
1st AC: Ryan Brown  
1st Assistant Director: Ole Zapatka  
Art Director: Klaus Hartl  
Snow fx: Lucien Stephenson  
Gaffer: Thomas Berz  
Stylist: Claudia Lajda  
Hair & Makeup: Christel Thoresen  
Austrian Casting: Ursula Kiplinger  
Additional VFX: Zoic   

Special Thanks to: The Hintertux Glacier, Austria; Hohenhaus Tenne, and Hotel Neuhintertux 
 
About Ed Sheeran: 
Ed Sheeran may be the quintessential pop star of the 2010s: an internationally acclaimed, multi-award winning singer/songwriter who seems to acknowledge no boundaries between styles or eras with elements of folk, hip-hop, pop, dance, soul, and rock woven throughout his music. 

His incredible catalogue includes the studio albums ‘+’ (plus), ‘x’ (multiply) and ‘÷’ (divide) which spawned hit singles such as ‘The A team’ , ’Lego House’, ‘Sing', ‘Thinking Out Loud’, ‘Photograph’, ‘Shape Of You’, ‘Castle on The Hill’ and ‘Perfect’. 
 
In 2019, Ed Sheeran released the genre-spanning ‘No.6 Collaborations Project’ which featured a wide-range of artists including ‘Justin Bieber’, ‘Camilla’ Cabello’, ‘Travis Scott’, ‘Eminem’, ‘Cardi B, ‘Paulo Londra’, ‘Bruno Mars’ and ‘Stormzy’ amongst many others, producing hits such as ‘I Don’t Care’, ‘Beautiful People’, ‘South of The Border’ and ‘Take Me Back To London’. 
 
#EdSheeran #Perfect #divide",1.0,1.0,2312689776.0
Ed Sheeran,https://open.spotify.com/artist/6eUKZXaKkcviH0Ku9w2n3V,Shape of You,÷ (Deluxe),album,spotify:track:7qiZfU4dY1lWllzX7mPBI3,0.825,0.652,1.0,-3.1830000000000003,0.0802,0.581,0.0,0.0931,0.931,95.977,233713.0,https://www.youtube.com/watch?v=JGwWNGJdvx8,Ed Sheeran - Shape of You (Official Music Video),Ed Sheeran,5908398479.0,31047780.0,1130327.0,"The official music video for Ed Sheeran - Shape Of You
The new album ""="" is out now - listen here: https://es.lnk.to/equals
 
Taken from the studio album ÷ (divide) released in 2017, which featured the hit singles 'Castle on the Hill', 'Shape of You', 'Galway Girl', ‘Perfect’ & 'Happier'. 
 
Subscribe to the Ed Sheeran channel for all the best and latest official music videos, behind the scenes and live performances.  
http://bit.ly/SubscribeToEdSheeran 
 
See more official videos from Ed Sheeran here: 
https://www.youtube.com/watch?v=ryJgDL9jzKk&list=PLjp0AEEJ0-fGKG_3skl0e1FQlJfnx-TJz 

Listen to more from the album ÷ (divide): https://www.youtube.com/playlist?list=PLjp0AEEJ0-fGi7bkjrGhBLUF9NMraL9cL 
 
Follow Ed Sheeran on:
Instagram: http://instagram.com/teddysphotos
TikTok: https://www.tiktok.com/@edsheeran
Facebook: http://www.facebook.com/EdSheeranMusic
Twitter: http://twitter.com/edsheeran
Discord: http://discord.gg/edsheeran
Official Website: http://edsheeran.com  
  
VIDEO CREDITS: 
Director|DOP: Jason Koenig
Producer: Honna Kimmerer
Production company: Anonymous Content
Exec Producer: Nina Soriano

Cinematography: Johnny Valencia, Ryan Haug 
Edited by: Johnny Valencia, Jason Koenig
Commissioner: Dan Curwin

Co-Starring: 
Jennie Pegouskie
Yama

-- | LYRICS |--

The club isn’t the best place to find a lover
So the bar is where I go 
Me and my friends at the table doing shots drinking fast and then we talk slow
you come over and start up a conversation with just me and trust me I’ll give it a chance now
Take my hand stop, put van the man on the jukebox and then we start to dance
And now I’m singing like

Girl you know I want your love
Your love was handmade for somebody like me
Come on now follow my lead
I may be crazy don’t mind me 
Say boy let’s not talk too much 
Grab on my waist and put that body on me
Come on now follow my lead
Come come on now follow my lead

I’m in love with the shape of you
We push and pull like a magnet do
Although my heart is falling too
I’m in love with your body
Last night you were in my room 
And now my bed sheets smell like you 
Every day discovering something brand new
I’m in love with your body

Oh I X 4
I’m in love with your body
Oh I X 4
I’m in love with your body
Oh I X 4
I’m in love with your body
Every day discovering something brand new
I’m in love with the shape of you 

One week in we let the story begin
We’re going out on our first date
You and me are thrifty
So go all you can eat 
Fill up your bag and I fill up a plate
We talk for hours and hours about the sweet and the sour
And how your family’s doing ok
leave and get in a taxi, then kiss in the backseat
Tell the driver make the radio play
and I'm singing like

Girl you know I want your love
Your love was handmade for somebody like me
Come on now follow my lead 
I may be crazy, don’t mind me
Say boy let’s not talk too much 
Grab on my waist and put that body on me
Come on now follow my lead
Come come on now follow my lead

I’m in love with the shape of you
We push and pull like a magnet do
Although my heart is falling too
I’m in love with your body
Last night you were in my room 
And now my bed sheets smell like you 
Every day discovering something brand new

Well I’m in love with your body
Oh I x 4 
I’m in love with your body
Oh I x 4
I’m in love with your body
Oh I X 4
I’m in love with your body
Every day discovering something brand new
I’m in love with the shape of you 

Come on be my baby come on X 8

I’m in love with the shape of you
We push and pull like a magnet do
Although my heart is falling too
I’m in love with your body
Last night you were in my room 
And now my bed sheets smell like you 
Every day discovering something brand new

Well I’m in love with your body
Come on be my baby come on X 6
Every day discovering something brand new
I’m in love with the shape of you 
 
About Ed Sheeran: 
Ed Sheeran may be the quintessential pop star of the 2010s: an internationally acclaimed, multi-award winning singer/songwriter who seems to acknowledge no boundaries between styles or eras with elements of folk, hip-hop, pop, dance, soul, and rock woven throughout his music. 

His incredible catalogue includes the studio albums ‘+’ (plus), ‘x’ (multiply) and ‘÷’ (divide) which spawned hit singles such as ‘The A team’ , ’Lego House’, ‘Sing', ‘Thinking Out Loud’, ‘Photograph’, ‘Shape Of You’, ‘Castle on The Hill’ and ‘Perfect’. 
 
In 2019, Ed Sheeran released the genre-spanning ‘No.6 Collaborations Project’ which featured a wide-range of artists including ‘Justin Bieber’, ‘Camilla’ Cabello’, ‘Travis Scott’, ‘Eminem’, ‘Cardi B, ‘Paulo Londra’, ‘Bruno Mars’ and ‘Stormzy’ amongst many others, producing hits such as ‘I Don’t Care’, ‘Beautiful People’, ‘South of The Border’ and ‘Take Me Back To London’. 
 
#EdSheeran #ShapeOfYou #divide",1.0,1.0,3362005201.0
Wiz Khalifa,https://open.spotify.com/artist/137W8MRPWKqSmrBGDBFSop,See You Again (feat. Charlie Puth),See You Again (feat. Charlie Puth),single,spotify:track:2JzZzZUQj3Qff7wapcbKjc,0.689,0.481,10.0,-7.502999999999999,0.0815,0.369,1.03e-06,0.0649,0.283,80.025,229526.0,https://www.youtube.com/watch?v=RgKAFK5djSk,Wiz Khalifa - See You Again ft. Charlie Puth [Official Video] Furious 7 Soundtrack,Wiz Khalifa Music,5773797147.0,40147618.0,2127345.0,"Download the new Furious 7 Soundtrack Deluxe Version on iTunes here: https://apple.co/3paGCzN

See Wiz on tour http://wizkhalifa.com/tour

Tag ‪#‎SeeYouAgain‬ on Shazam and get an exclusive behind the scenes look at the music video!

Get official merch here: http://atlr.ec/OfficialWKMerchYT

Stream Furious 7 on Spotify: http://smarturl.it/streamFurious7

Listen on Apple Music: https://apple.co/3r503MR

Directed by: Marc Klasfeld

Follow Wiz:
►Subscribe to channel: http://goo.gl/y3Bnno
►Twitter - https://twitter.com/wizkhalifa
►Facebook - https://facebook.com/wizkhalifa
►Instagram - https://instagram.com/mistercap
►Soundcloud - https://soundcloud.com/wizkhalifa
►Website: http://wizkhalifa.com
►Taylor Gang: http://taylorgang.com

Follow Charlie Puth:
►Subscribe to channel: https://www.youtube.com/charlieputh
►Twitter - https://twitter.com/charlieputh
►Facebook - https://www.facebook.com/charlieputh
►Instagram - http://instagram.com/charlieputh
►Soundcloud - https://soundcloud.com/charlieputh
►Website: http://charlieputh.com/

Wiz Khalifa - See You Again ft. Charlie Puth [Official Video] Furious 7 Soundtrack",1.0,1.0,1521254554.0
Passenger,https://open.spotify.com/artist/0gadJ2b9A4SKsB1RFkBb66,Let Her Go - Acoustic,All The Little Lights (Deluxe Version),album,spotify:track:38OudvGwGjmc5R4sDb2rd0,0.547,0.0739,4.0,-13.961000000000002,0.052,0.948,0.0,0.108,0.25,142.526,266627.0,https://www.youtube.com/watch?v=RBumgq5yVrA,Passenger | Let Her Go (Official Video),Passenger,3376086171.0,15361684.0,452077.0,"The new album 'Songs For The Drunk And Broken Hearted' is out now and available from https://www.passengermusic.com 

'Let Her Go' from the album 'All the Little Lights' – https://Passenger.lnk.to/AllTheLittleLightsID

***

The official video for 'Let Her Go' – Directed and Produced by Dave Jansen. www.funmonkey.com.au

""Let Her Go"" [Lyrics]

Well you only need the light when it's burning low
Only miss the sun when it starts to snow
Only know you love her when you let her go

Only know you've been high when you're feeling low
Only hate the road when you're missin' home
Only know you love her when you let her go
And you let her go

Staring at the bottom of your glass
Hoping one day you'll make a dream last
But dreams come slow and they go so fast

You see her when you close your eyes
Maybe one day you'll understand why
Everything you touch surely dies

But you only need the light when it's burning low
Only miss the sun when it starts to snow
Only know you love her when you let her go

Only know you've been high when you're feeling low
Only hate the road when you're missin' home
Only know you love her when you let her go

Staring at the ceiling in the dark
Same old empty feeling in your heart
'Cause love comes slow and it goes so fast

Well you see her when you fall asleep
But never to touch and never to keep
'Cause you loved her too much
And you dived too deep

Well you only need the light when it's burning low
Only miss the sun when it starts to snow
Only know you love her when you let her go

Only know you've been high when you're feeling low
Only hate the road when you're missin' home
Only know you love her when you let her go

And you let her go
And you let her go
Well you let her go

'Cause you only need the light when it's burning low
Only miss the sun when it starts to snow
Only know you love her when you let her go

Only know you've been high when you're feeling low
Only hate the road when you're missin' home
Only know you love her when you let her go

'Cause you only need the light when it's burning low
Only miss the sun when it starts to snow
Only know you love her when you let her go

Only know you've been high when you're feeling low
Only hate the road when you're missin' home
Only know you love her when you let her go

And you let her go

Follow Passenger
Online: https://passengermusic.com
Facebook: https://Passenger.lnk.to/FacebookID
Twitter: https://Passenger.lnk.to/TwitterID
Instagram: https://Passenger.lnk.to/InstaID
Spotify: https://Passenger.lnk.to/SpotifyID
Apple Music: https://Passenger.lnk.to/AppleMusicID
YouTube: https://Passenger.lnk.to/YouTubeID",1.0,1.0,135121858.0
Sherlock Holmes,https://open.spotify.com/artist/2YlvvdXUqRjiXmeL2GRuZ9,Teil 8 - Fall 53: Die sieben Zinnsoldaten,"Die neuen Fälle, Fall 53: Die sieben Zinnsoldaten",album,spotify:track:25DgUmjbbxkRtqKFQEBIFQ,0.668,0.636,1.0,-11.132,0.908,0.467,0.0,0.392,0.646,138.379,192360.0,https://www.youtube.com/watch?v=gCgF7n0i1x8,"Sherlock Holmes - Die neuen Fälle, Fall 07: Der eisige Tod (Komplettes Hörspiel)",Maritim Verlag,886620.0,5501.0,418.0,"Die gute Nachricht zuerst: instagram.com/maritimverlag 
Maritim gibt es endlich auf Instagram!! 
Viele Neuigkeiten, Details und Hintergrund-Informationen zu all unseren Hörspielen - am besten gleich abonnieren, damit euch nichts mehr entgeht!! 

Die nächste Folge der offiziellen Fortsetzung der Maritim-Originale von „Sherlock Holmes“: 
„Sherlock Holmes - die neuen Fälle"", ebenfalls mit dem genialen Sprecher-Gespann Christian Rode und Peter Groeger, produziert von Romantruhe Audio und All Score Media (Regie: Gerd Naumann), als komplettes Hörspiel! 
Die beliebteste ""Sherlock Holmes""-Audioserie überhaupt gibt es als ""Sherlock Holmes - Die Originale"", ""Sherlock Holmes - die alten Fälle (Reloaded)"" und ""Sherlock Holmes - die neuen Fälle"". 
Alle Serien davon gibt es überall digital (als Download & Stream)! 
""Die Originale"" und ""die neuen Fälle"" auch auf CD. 

Hier eine Linkübersicht über alle erschienenen Folgen - natürlich auch mit Links zu sämtlichen Streaming-Portalen: 

Sherlock Holmes – die neuen Fälle 

An dieser Stelle empfehlen wir euch die offizielle Spotify Liste mit sämtlichen Folgen dieser großartigen Serie (am besten gleich abonnieren!): 
https://open.spotify.com/playlist/1ILljDHdNjBvZSd2tLjxvv?si=4P6c5L_RSYifqgD1fQU1kQ

Folge 1 Besuche eines Gehenkten: https://HighscoreMusic.lnk.to/NDCfEID
Folge 2 Die Gesellschaft des Schreckens: https://HighscoreMusic.lnk.to/2XvLlID
Folge 3 Die betrogenen Titanic-Passagiere: https://HighscoreMusic.lnk.to/w5DfUID
Folge 4 Die gelbe und die blaue Flamme: https://HighscoreMusic.lnk.to/kpSETID
Folge 5 Das steinerne Schiff: https://HighscoreMusic.lnk.to/IomptID
Folge 6 Das Haus auf dem Hexenhügel: https://HighscoreMusic.lnk.to/HFU84ID
Folge 7 Der eisige Tod: https://HighscoreMusic.lnk.to/BhgDmID
Folge 8 Der grüne Admiral: https://HighscoreMusic.lnk.to/leckfID
Folge 9 Holmes unter Verdacht: https://HighscoreMusic.lnk.to/Ni7ZJID
Folge 10 Der Biss des Zerberus: https://HighscoreMusic.lnk.to/2zX9IID
Folge 11 Im kalten Nebel der Themse: https://HighscoreMusic.lnk.to/J-lQoID
Folge 12 Der verhängnisvolle Schlüssel: https://HighscoreMusic.lnk.to/SdEeRID
Folge 13 Der geniale Magier: https://HighscoreMusic.lnk.to/E-uNwID
Folge 14 Der bibelfeste Mörder: https://HighscoreMusic.lnk.to/yUqyrID
Folge 15 Das Geheimnis von Baskerville Hall: https://HighscoreMusic.lnk.to/faqFAID
Folge 16 Der leise Takt des Todes: https://HighscoreMusic.lnk.to/d6VgUID
Folge 17 Die drei Diven: https://HighscoreMusic.lnk.to/_9xisID
Folge 18 Das Ratten-Problem: https://HighscoreMusic.lnk.to/ZPyQ_ID
Folge 19 Die Untoten von Tilbury: https://HighscoreMusic.lnk.to/XdWCZID
Folge 20 Die Spur ins Nichts: https://HighscoreMusic.lnk.to/Suc0fID
Folge 21 Der ehrlose Löwe: https://HighscoreMusic.lnk.to/MxUT9ID
Folge 22 Die schreiende Tänzerin: https://HighscoreMusic.lnk.to/Nv6YzID
Folge 23 Die Prinzen im Tower: https://HighscoreMusic.lnk.to/rwRBOID
Folge 24 Das Monster von Soho: https://HighscoreMusic.lnk.to/OEV2tID
Folge 25 Die siebzehn Salutschüsse: https://HighscoreMusic.lnk.to/YMr-VID
Folge 26 Der siebte Monat: https://HighscoreMusic.lnk.to/4Cm28ID
Folge 27 Ein ehrbares Haus: https://HighscoreMusic.lnk.to/2wOO4ID
Folge 28 Der Rache des Gerechten: https://HighscoreMusic.lnk.to/F8I1kID
Folge 29 Im Labyrinth des Wahnsinns: https://HighscoreMusic.lnk.to/csWVLID
Folge 30 Das Rätsel der Aurora: https://HighscoreMusic.lnk.to/WK6f8ID
Folge 31 Die Todesfalle von Dornwood: https://HighscoreMusic.lnk.to/sM_Z_ID
Folge 32 Der Fall John Watson: https://HighscoreMusic.lnk.to/roYqNID
Folge 33 Die Wölfe von Whitechapel: https://HighscoreMusic.lnk.to/R9vqEID
Folge 34 In den Klauen der Angst: https://HighscoreMusic.lnk.to/WCBiKID
Folge 35 Die letzte Symphonie: https://HighscoreMusic.lnk.to/ovaipID
Folge 36 Remis in zehn Zügen: https://HighscoreMusic.lnk.to/Wd81tID
Folge 37 Schatten der Vergangenheit: https://HighscoreMusic.lnk.to/DH4B9ID
Folge 38 Die rote Spinne: https://HighscoreMusic.lnk.to/uFk4RID
Folge 39 Der Tod des Henkers: https://HighscoreMusic.lnk.to/ja2IdID
Folge 40 Die Speise der Götter: https://HighscoreMusic.lnk.to/yjJa6ID

Viel Spaß beim Reinhören! 
...und hier geht es zum gesamten Katalog von Maritim incl. solcher Hörspiel-Perlen wie ""Oscar Wilde & Mycroft Holmes"", ""Jules Verne - die neuen Abenteuer des Phileas Fogg"", ""Dracula"", ""Moriarty"", ""Irene Adler"", ""Batman"", ""Captain Future"", ""Offenbarung 23"", Star Trek"", ""Die größten Fälle von Scotland Yard"", „Mimi Rutherfurt“ und und und
www.maritim-hoerspiele.de",1.0,1.0,109520.0
Sherlock Holmes,https://open.spotify.com/artist/2YlvvdXUqRjiXmeL2GRuZ9,Teil 1 - Fall 53: Die sieben Zinnsoldaten,"Die neuen Fälle, Fall 53: Die sieben Zinnsoldaten",album,spotify:track:3cZNPCnrZMv9XydyKPW6pQ,0.538,0.804,8.0,-10.327000000000002,0.956,0.589,0.0,0.708,0.314,172.743,200093.0,https://www.youtube.com/watch?v=DdrJBV_xtZA,Sherlock Holmes & il dottor Watson 1 - Un movente per uccidere con Geoffrey Withehead,cuccioloebeppe,299036.0,1129.0,91.0,"Dopo la serie televisiva del '54 in bianco e nero con Ronald Howard, composta da ben 39 bei episodi che in youtube si possono trovare coi sottotitoli in spagnolo. Nel ''79 fu realizzata una nuova serie televisa su Sherlock Holmes, con Geoffrey Whitehead di 24 episodi. 24 splendidi Gioiellini, di cui questo è il primo episodio.",0.0,0.0,102172.0
Sherlock Holmes,https://open.spotify.com/artist/2YlvvdXUqRjiXmeL2GRuZ9,Teil 11 - Fall 53: Die sieben Zinnsoldaten,"Die neuen Fälle, Fall 53: Die sieben Zinnsoldaten",album,spotify:track:29cGVTFtAsOq35VxOTVyee,0.69,0.532,0.0,-10.586,0.94,0.599,0.0,0.339,0.638,84.867,193507.0,https://www.youtube.com/watch?v=2cWx2xsynT8,"Sherlock Holmes - Die neuen Fälle, Fall 11: Im kalten Nebel der Themse (Komplettes Hörspiel)",Maritim Verlag,514779.0,4173.0,170.0,"Die gute Nachricht zuerst: instagram.com/maritimverlag 
Maritim gibt es endlich auf Instagram!! 
Viele Neuigkeiten, Details und Hintergrund-Informationen zu all unseren Hörspielen - am besten gleich abonnieren, damit euch nichts mehr entgeht!! 

Die nächste Folge der offiziellen Fortsetzung der Maritim-Originale von „Sherlock Holmes“: 
„Sherlock Holmes - die neuen Fälle"", ebenfalls mit dem genialen Sprecher-Gespann Christian Rode und Peter Groeger, produziert von Romantruhe Audio und All Score Media (Regie: Gerd Naumann), als komplettes Hörspiel! 
Die beliebteste ""Sherlock Holmes""-Audioserie überhaupt gibt es als ""Sherlock Holmes - Die Originale"", ""Sherlock Holmes - die alten Fälle (Reloaded)"" und ""Sherlock Holmes - die neuen Fälle"". 
Alle Serien davon gibt es überall digital (als Download & Stream)! 
""Die Originale"" und ""die neuen Fälle"" auch auf CD. 

Auf Wunsch von Spotify mussten viele Verlage (darunter auch Maritim) ihren Katalog aufgrund veränderter Anlieferungs-Spezifikationen austauschen. Die neuen Produkte sind bereits alle verfügbar.
Das hat aber leider den kurzfristigen Effekt, dass viele Playlists nicht mehr funktionieren. Wir würden euch daher bitten, die Produkte bis auf weiteres manuell zu suchen…

Ansonsten hier schon mal die Links zu den aktualisierten Spotify-Playlisten der „Sherlock Holmes“-Serien:

Die neuen Fälle: https://open.spotify.com/playlist/3a4JiLdgwQdivwJaj6nOHp?si=3a3d02e6ca834ba0

Die alten Fälle (Reloaded): https://open.spotify.com/playlist/5Vre4xsKCdhhxgrWsvDDuK?si=fad6eef974564cee

Sherlock Holmes Chronicles: https://open.spotify.com/playlist/5FHYmZEl2tpg6PVX7WXPrK?si=ad20503a40d84b08

Die Originale: https://open.spotify.com/playlist/0woC3ZZEAC5XoiQxZ6zqen?si=d15433ce60d3428b

Sherlock Holmes & Co.: https://open.spotify.com/playlist/4wdceE2OVAnaK8DGBwYeBG?si=09e8e72ab9a849a5

Viel Spaß beim Reinhören! 
...und hier geht es zum gesamten Katalog von Maritim incl. solcher Hörspiel-Perlen wie ""Oscar Wilde & Mycroft Holmes"", ""Jules Verne - die neuen Abenteuer des Phileas Fogg"", ""Dracula"", ""Frankenstein"", ""Moriarty"", ""Irene Adler"", ""Batman"", ""Captain Future"", ""Offenbarung 23"", Star Trek"", ""Die größten Fälle von Scotland Yard"", „Mimi Rutherfurt“ und und und
www.maritim-hoerspiele.de",1.0,1.0,103153.0
Drake,https://open.spotify.com/artist/3TVXtAsR1Inumwj472S9r4,One Dance,Views,album,spotify:track:1zi7xx7UVEFkmKfv06H8x0,0.792,0.625,1.0,-5.608999999999998,0.0536,0.00776,0.0018,0.329,0.37,103.967,173987.0,https://www.youtube.com/watch?v=ki0Ocze98U8,Drake - One Dance (Lyrics) ft. Wizkid & Kyla,Billion Stars,169288294.0,1662639.9999999998,13775.0,"Drake - One Dance ft. Wizkid & Kyla [Lyric Video] by Billion Stars.

🌟Subscribe to Billion Stars- https://bit.ly/SubBS

🌟Follow Drake:
https://www.instagram.com/champagnepapi 
https://www.facebook.com/Drake 
https://twitter.com/drake 
https://www.drakeofficial.com

If you need a song removed from my channel, please e-mail me.

#Drake
#OneDance",0.0,0.0,2522431995.0
Justin Bieber,https://open.spotify.com/artist/1uNFoZAHBGtllmzznpCI3s,Love Yourself,Purpose (Deluxe),album,spotify:track:50kpGaPAhYJ3sGmk6vplg0,0.609,0.378,4.0,-9.828,0.438,0.835,0.0,0.28,0.515,100.418,233720.0,https://www.youtube.com/watch?v=pb4hWWMlFYg,Justin Bieber - Love Yourself (Official Video),Justin Bieber Crew,273175.0,5121.0,153.0,Unknown,0.0,0.0,1975866785.0
Mr.Kitty,https://open.spotify.com/artist/0pWwt5vGNzezEhfAcc420Y,Empty Phases,Ephemeral,album,spotify:track:6zcicpr8OKns6iR7unKZNU,0.443,0.723,4.0,-7.933000000000002,0.0725,0.142,0.00357,0.0993,0.0397,159.931,222004.0,https://www.youtube.com/watch?v=_ebporoFPKk,Mr.Kitty - Empty Phases,Mr.Kitty Official,717091.0,616224.6666666666,22473.0,"R.I.P. Kahlas A. Stambaugh (1994 - 2018).

All proceeds from this single will be donated to the American Foundation for Suicide Prevention.
BUY: https://goo.gl/1qJfs3 // STREAM: https://goo.gl/cAFD27

New album ""EPHEMERAL"" out March 08, 2019.

Featured on Post-Punk.com: https://goo.gl/WEWJfA

Lyrics:
(Of all the times, the chances I have given you, you let me down)

On the first / I won’t forget
The way you said / he took his life
And left the line dead

How do you think / selfishly
You made me hurt so vacantly

You let me down / and I know it’s all because of me
You let me down / and I know it’s all because of me (cause of me)
Of all the times, the chances I have given you, you let me down

When I emerge / I will forgive
The choice that led / to giving up
But never know why

A hollow void / You keep me there
I’ll drown in tears until you care

You let me down / and I know it’s all because of me
You let me down / and I know it’s all because of me (cause of me)
Of all the times, the chances I have given you, you let me down",0.0,0.0,4647978.0
The Weeknd,https://open.spotify.com/artist/1Xyo4u8uXC1ZmMpatF05PJ,Blinding Lights,After Hours,album,spotify:track:0VjIjW4GlUZAMYd2vXMi3b,0.514,0.73,1.0,-5.934,0.0598,0.00146,9.54e-05,0.0897,0.334,171.005,200040.0,https://www.youtube.com/watch?v=4NRXx6U8ABQ,The Weeknd - Blinding Lights (Official Video),TheWeekndVEVO,674164500.0,8817927.0,282589.0,"Official music video for The Weeknd ""Blinding Lights"" - available everywhere now: http://theweeknd.co/blindinglightsYD

►Subscribe to The Weeknd on YouTube: http://theweeknd.co/subscribeYD 

►Get exclusive merch: https://shop.theweeknd.com/

►Follow The Weeknd:
https://twitter.com/theweeknd
https://www.facebook.com/theweeknd
https://www.instagram.com/theweeknd
https://www.theweeknd.com
Subscribe to YouTube Music: http://theweeknd.co/blindinglightsYD/youtubemusic 

Director: Anton Tammi

Production Company: Somesuch 
Executive Producer: Saskia Whinney
Producer: Sarah Park

Director of Photography: Oliver Millar
2nd Unit DP: Devin “Daddy” Karringten
Steadicam Op: Niels Lindelien
Gaffer: Nizar Najm
Key Grip: Marlow Nunez
Production Designer: Adam William Wilson

1st AD: Kenneth Taylor

Editor: Janne Vartia & Tim Montana
Post Production Supervisor: Alec Ernest
VFX: Mathematic
Colorist: Nicke Jacobsson
Sound Designer: Akseli Soini
3D: Oscar Böckerman
Title Design: Aleksi Tammi


►""Blinding Lights"" Lyrics:

Yeah
I been tryna call
I been on my own for long enough
Maybe you can show me how to love, maybe
I'm going through withdrawals
You don't even have to do too much
You can turn me on with just a touch, baby
I look around and Sin City's cold and empty (oh)
No one's around to judge me (oh)
I can't see clearly when you're gone
I said, ooh, I'm blinded by the lights
No, I can't sleep until I feel your touch
I said, ooh, I'm drowning in the night
Oh, when I'm like this, you're the one I trust
Hey, hey, hey
I'm running out of time
'Cause I can see the sun light up the sky
So I hit the road in overdrive, baby
Oh, the city's cold and empty (oh)
No one's around to judge me (oh)
I can't see clearly when you're gone
I said, ooh, I'm blinded by the lights
No, I can't sleep until I feel your touch
I said, ooh, I'm drowning in the night
Oh, when I'm like this, you're the one I trust
I'm just walking by to let you know (by to let you know)
I can never say it on the phone (say it on the phone)
Will never let you go this time (ooh)
I said, ooh, I'm blinded by the lights
No, I can't sleep until I feel your touch
Hey, hey, hey
Hey, hey, hey
I said, ooh, I'm blinded by the lights
No, I can't sleep until I feel your touch

#TheWeeknd #BlindingLights


Music video by The Weeknd performing Blinding Lights. © 2020 The Weeknd XO, Inc., manufactured and marketed by Republic Records, a division of UMG Recordings, Inc.",1.0,1.0,3386520288.0
Halsey,https://open.spotify.com/artist/26VFTg2z8YR0cCuwLzESi2,Closer,Closer,single,spotify:track:7BKLCZ1jbUBVqRi2FVlTVw,0.748,0.524,8.0,-5.599,0.0338,0.414,0.0,0.111,0.661,95.01,244960.0,https://www.youtube.com/watch?v=0zGcUoRlhmw,The Chainsmokers - Closer (Official Video) ft. Halsey,ChainsmokersVEVO,455914466.0,3423268.0,93021.0,"Official music video for ”Closer” by The Chainsmokers
Listen to The Chainsmokers: https://thechainsmokers.lnk.to/listenYD 
Watch more videos by The Chainsmokers: https://thechainsmokers.lnk.to/listenYD/youtube 

Subscribe to the official Chainsmokers YouTube channel: https://thechainsmokers.lnk.to/subscribeYD 

Follow The Chainsmokers
Facebook: https://thechainsmokers.lnk.to/followFI 
Instagram: https://thechainsmokers.lnk.to/followII 
Twitter: https://thechainsmokers.lnk.to/followTI 
Website: https://thechainsmokers.lnk.to/followWI 
Spotify: https://thechainsmokers.lnk.to/followSI 

Lyrics:
So, baby, pull me closer
In the backseat of your Rover
That I know you can't afford
Bite that tattoo on your shoulder
Pull the sheets right off the corner
Of the mattress that you stole
From your roommate back in Boulder
We ain't ever getting older

#Closer #TheChainsmokers #Halsey #EDM",1.0,1.0,2456205158.0
Shawn Mendes,https://open.spotify.com/artist/7n2wHs1TKAczGzO7Dd2rGr,Señorita,Shawn Mendes (Deluxe),album,spotify:track:6v3KW9xbzN5yKLt9YKDYA2,0.759,0.548,9.0,-6.048999999999998,0.029,0.0392,0.0,0.0828,0.749,116.967,190800.0,https://www.youtube.com/watch?v=Pkh8UtuejGw,"Shawn Mendes, Camila Cabello - Señorita (Official Music Video)",ShawnMendesVEVO,1487649395.0,19846114.0,640320.0,"Señorita: https://Senorita.lnk.to/OutNow 

Catch Shawn on tour this year: https://www.shawnmendesthetour.com/ 

Stream/buy Shawn Mendes: The Album now: https://IslandRecs.lnk.to/ShawnMendes 

Follow Shawn Mendes: Twitter: https://twitter.com/shawnmendes Instagram: https://www.instagram.com/shawnmendes Facebook: https://www.facebook.com/ShawnMendesO... Website: https://www.shawnmendesofficial.com 

Follow Camila Cabello: Twitter: https://twitter.com/Camila_Cabello Instagram: https://www.instagram.com/camila_cabe... Facebook: https://www.facebook.com/camilacabello/ Website: https://www.camilacabello.com/ 

Lyrics:
I love it when you call me señorita
I wish I could pretend I didn't need ya
But every touch is ooh la la la
It's true, la la la
Ooh, I should be running
Ooh, you keep me coming for you

Land in Miami
The air was hot from summer rain
Sweat dripping off me
Before I even knew her name, la la la
It felt like ooh la la la
Yeah no
Sapphire moonlight
We danced for hours in the sand
Tequila sunrise
Her body fit right in my hands, la la la
It felt like ooh la la la, yeah

I love it when you call me señorita
I wish I could pretend I didn't need you
But every touch is ooh la la la
It's true, la la la
Ooh, I should be running
Ooh, you know I love it when you call me señorita
I wish it wasn't so damn hard to leave you
But every touch is ooh la la la
It's true, la la la
Ooh, I should be running
Ooh, you keep me coming for ya

Locked in the hotel
There's just some things that never change
You say we're just friends
But friends don't know the way you taste, la la la
'Cause you know it's been a long time coming
Don't you let me fall

Ooh, when your lips undress me
Hooked on your tongue
Ooh love, your kiss is deadly
Don't stop

I love it when you call me señorita
I wish I could pretend I didn't need you
But every touch is ooh la la la
It's true, la la la
Ooh, I should be running
Ooh, you know I love it when you call me señorita
I wish it wasn't so damn hard to leave ya
But every touch is ooh la la la
It's true, la la la
Ooh, I should be running
Ooh, you keep me coming for you
All along I've been coming for you
And I hope it meant something to you
Call my name, I'll be coming for you
Coming for you, coming for you, coming for you

For you (ooh, she loves it when I come)
For you

Ooh, I should be running
Ooh, you keep me coming for you


Music video by Shawn Mendes, Camila Cabello performing Señorita. © 2019 Island Records, a division of UMG Recordings, Inc. 

http://vevo.ly/zZcRQm",1.0,1.0,2336219850.0
Lewis Capaldi,https://open.spotify.com/artist/4GNC7GD6oZMSxPGyXy4MNB,Someone You Loved,Divinely Uninspired To A Hellish Extent,album,spotify:track:7qEHsqek33rTcFNT9PFqLf,0.501,0.405,1.0,-5.678999999999999,0.0319,0.751,0.0,0.105,0.446,109.891,182161.0,https://www.youtube.com/watch?v=zABLecsR5UE,Lewis Capaldi - Someone You Loved,LewisCapaldiVEVO,586768373.0,7367091.0,147565.0,"Listen to my new single ‘Pointless’ here!
https://lewiscapaldi.lnk.tt/Pointless
 
Pre-order my new album ‘Broken By Desire To Be Heavenly Sent’ here:
https://lewiscapaldi.lnk.tt/BBDTBHS  


Follow Lewis Capaldi for more
Instragram: https://www.instagram.com/lewiscapaldi
Facebook: https://www.facebook.com/lewiscapaldi/
TikTok: https://www.tiktok.com/@lewiscapaldi
YouTube: https://www.youtube.com/c/lewiscapaldi?sub_confirmation=1
Twitter: https://twitter.com/lewiscapaldi
Website: https://www.lewiscapaldi.com/

Listen to my latest single “Before You Go” here: https://lewiscapaldi.lnk.to/beforeyougo

Tickets: http://tickets.lewiscapaldi.com

Director: Ozzie Pullin
Producer: Byron McNally
Director of Photography: Ula Pontikos BSC
Editor: Meg Thorne @ Cut & Run
Production Company: Partizan
Exec Producer: Mayling Wong
Colour: Jack McGinity @ CHEAT

——————————————————

Lyrics 

I’m going under and this time I fear there’s no one to save me
This all or nothing really got a way of driving me crazy

I need somebody to heal
somebody to know
somebody to have
somebody to hold
It’s easy to say
but it’s never the same
I guess I kinda liked the way you numbed all the pain

Now the day bleeds, into nightfall
and you’re not here, to get me through it all
I let my guard down and then you pulled the rug
I was getting kinda used to being someone you loved

I’m going under and this time I fear there’s no one to turn to
This all or nothing way of loving got me sleeping without you
Now I need somebody to know 
somebody to heal 
somebody to have 
just to know how it feels
It’s easy to say
but it’s never the same
I guess I kinda liked the way you helped me escape

Now the day bleeds, into nightfall 
and you’re not here, to get me through it all
I let my guard down and then you pulled the rug
I was getting kinda used to being someone you loved

And I tend to close my eyes when it hurts sometimes
I fall into your arms 
I'll be safe in your sound til I come back around

For now the day bleeds, into nightfall 
and you’re not here, to get me through it all
I let my guard down and then you pulled the rug
I was getting kinda used to being someone you loved

But now the day bleeds, into nightfall 
and you’re not here, to get me through it all
I let my guard down and then you pulled the rug
I was getting kinda used to being someone you loved

I let my guard down and then you pulled the rug
I was getting kinda used to being someone you loved

——————————————————


#LewisCapaldi #SomeoneYouLoved #OfficialVideo

Music video by Lewis Capaldi performing Someone You Loved. © 2019 Universal Music GmbH",1.0,1.0,2634013335.0
CoComelon,https://open.spotify.com/artist/6SXTTUJxIVwMbc1POrviTr,Wheels on the Bus,"CoComelon Kids Hits, Vol. 1",album,spotify:track:6YQ7aPJhk0MGpwoKfFAEbS,0.941,0.387,9.0,-11.92,0.0427,0.184,2.88e-05,0.157,0.965,125.021,207340.0,https://www.youtube.com/watch?v=e_04ZrNroTo,Wheels on the Bus | CoComelon Nursery Rhymes & Kids Songs,Cocomelon - Nursery Rhymes,4898831101.0,14396841.0,0.0,"Bounce along in the bus all over town with this favorite nursery rhyme!
https://www.youtube.com/c/Cocomelon?sub_confirmation=1

Lyrics: 

The wheels on the bus go round and round
Round and round
Round and round
The wheels on the bus go round and round
All through the town

The doors on the bus go open and shut
Open and shut
Open and shut
The doors on the bus go open and shut
All through the town

The wipers on the bus go swish, swish, swish
Swish, swish, swish
Swish, swish, swish
The wipers on the bus go swish, swish, swish
All through the town

The signals on the bus go blink, blink, blink
Blink, blink, blink
Blink, blink, blink
The signals on the bus go blink, blink, blink
All through the town

The horn on the bus goes beep, beep, beep
Beep, beep, beep
Beep, beep, beep
The horn on the bus goes beep, beep, beep
All through the town

The motor on the bus goes vroom, vroom vroom
Vroom, vroom, vroom
Vroom, vroom, vroom
The motor on the bus goes vroom, vroom, vroom
All through the town

The people on the bus go up and down
Up and down
Up and down
The people on the bus go up and down
All through the town

The babies on the bus go “Wah, wah, wah!”
“Wah, wah, wah!”
“Wah, wah, wah!” 
The babies on the bus go “Wah, wah, wah!”
All through the town

The mommies on the bus go “Shh, shh, shh!”
“Shh, shh, shh!”
“Shh, shh, shh!”
The mommies on the bus go “Shh, shh, shh!”
All through the town

The daddies on the bus go “I love you!”
“I love you!”
“I love you!”
The daddies on the bus go “I love you!”
All through the town

About Cocomelon:

Where kids can be happy and smart!

At Cocomelon, our goal is to help make learning a fun and enjoyable experience for kids by creating beautiful 3D animation, educational lyrics, and toe-tapping music. 

Kids will laugh, dance, sing, and play along with our videos, learning letters, numbers, animal sounds, colors, and much, much more while simply enjoying our friendly characters and fun stories.

We also make life easier for parents who want to keep their kids happily entertained, giving you the peace of mind that your children are receiving quality educational content.  Our videos also give you an opportunity to teach and play with your children as you both watch!

WEBSITE: http://www.Cocomelon.com
FACEBOOK: https://www.facebook.com/Cocomelonkids
INSTAGRAM: https://www.instagram.com/cocomelon_official/
TWITTER: https://www.twitter.com/Cocomelonkids


Copyright © Treasure Studio, Inc. All rights reserved.",1.0,1.0,83434355.0
CoComelon,https://open.spotify.com/artist/6SXTTUJxIVwMbc1POrviTr,Baa Baa Black Sheep,"CoComelon Kids Hits, Vol. 1",album,spotify:track:0dF7HP4wDwxCtID3mXpdYX,0.711,0.396,0.0,-11.266000000000004,0.0486,0.829,3e-05,0.119,0.969,199.955,147781.0,https://www.youtube.com/watch?v=MR5XSOdjKMA,Baa Baa Black Sheep | CoComelon Nursery Rhymes & Kids Songs,Cocomelon - Nursery Rhymes,3486504328.0,8943443.0,0.0,"It’s bath time for the sheep!  But we’ll have to catch him first!  Sing along with this familiar nursery rhyme!
https://www.youtube.com/c/Cocomelon?sub_confirmation=1

Lyrics: 

Baa Baa black sheep, have you any wool?
Yes sir, yes sir, three bags full.
One for the master, one for the dame
One for the little boy who lives down the lane
Baa baa black sheep, have you any wool?
Yes sir, yes sir, three bags full.

Baa Baa blue sheep, have you any wool?
Yes sir, yes sir, three bags full.
One for the master, one for the dame
One for the little boy who lives down the lane
Baa baa blue sheep, have you any wool?
Yes sir, yes sir, three bags full.

Baa Baa pink sheep, have you any wool?
Yes sir, yes sir, three bags full.
One for the master, one for the dame
One for the little boy who lives down the lane
Baa baa pink sheep, have you any wool?
Yes sir, yes sir, three bags full.

Baa Baa white sheep, have you any wool?
Yes sir, yes sir, three bags full.
One for the master, one for the dame
One for the little boy who lives down the lane
Baa baa white sheep, have you any wool?
Yes sir, yes sir, three bags full.

About Cocomelon:

Where kids can be happy and smart!

At Cocomelon, our goal is to help make learning a fun and enjoyable experience for kids by creating beautiful 3D animation, educational lyrics, and toe-tapping music. 

Kids will laugh, dance, sing, and play along with our videos, learning letters, numbers, animal sounds, colors, and much, much more while simply enjoying our friendly characters and fun stories.

We also make life easier for parents who want to keep their kids happily entertained, giving you the peace of mind that your children are receiving quality educational content.  Our videos also give you an opportunity to teach and play with your children as you both watch!

WEBSITE: http://www.Cocomelon.com
FACEBOOK: https://www.facebook.com/Cocomelonkids
INSTAGRAM: https://www.instagram.com/cocomelon_official/
TWITTER: https://www.twitter.com/Cocomelonkids


Copyright © Treasure Studio, Inc. All rights reserved.",1.0,1.0,46554351.0
